id,name,orig_name,straight_position,inverted_position
0,Шут,The Fool,"Прямое положение
Шут – это человек, начинающий новое движение и вступающий на жизненный путь, который ему пока неизвестен. Это юный, любопытный, открытый, бесшабашный человек, которому чуждо чувство опасности и осторожности.

Шут бросается в омут жизни, не зная о ней ничего, не думая о житейских проблемах и опасностях, которые его могут подстерегать на пути. Он ищет перемен и постоянно экспериментирует с реальностью.

Шут энергичен, оптимистичен, ощущает силу и радость, ведь его впереди ожидает столько интересных и увлекательных приключений. Возможно, ему предстоят неожиданности и незапланированные события, но это не страшит Шута.

Карта в прямом положении символизирует необходимость принятия спонтанных решений. Если она вытягивается для характеристики определенного человека, то, скорее всего, он не хочет, чтобы о нем знали слишком много.","Перевернутое положение
Карта Шут в перевернутом положении свидетельствует о глупости, граничащей с безумием, эксцентричности и неосторожности человека. В жизни происходит что-то неожиданное, и Шут сталкивается с событиями, которыми невозможно управлять.

Этот человек зачастую тратит много энергии и времени впустую, а все потому, что ему чужда способность рационально управлять своими ресурсами. Вместо того, чтобы сделать над собой волевое усилие и переломить ход ситуации в свою пользу, он демонстрирует лень, апатию и уход от жизни с реальными проблемами.

Перевернутый Шут указывает на человека, который начинает сразу несколько дел но не доводит их до конца. Вместо того, чтобы решать конкретные проблемы с окружающими, он предпочитает менять обстановку и уходить тем самым от раздражающих его факторов."
1,Маг,The Magician,"Маг – положительная карта, которая обладает насыщенной энергией, и она апеллирует человека к столь же активным, инициативным и создающим действиям. Маг убеждает, что у человека есть право и возможность распоряжаться кем-либо, подчинять своей воле.

И эта способность ему дана в настоящий момент, он уже может руководить, вести дела, контролировать свое окружение и сконцентрироваться на происходящем. Когда власть в твоих руках, можно перейти на качественный уровень бытия, утереть нос самому себе, овладеть новыми сферами жизни, добиться высоких результатов в разных областях.


Маг является первой картой семерицы, поэтому представлена, как начало нового жизненного этапа. Это тот период, когда человек еще ничего не решил и пока не сделал никаких ошибок.

Карата Мага говорит о том, что в настоящее время стоит ожидать успеха. Для этого будет все – и максимальная безопасность, и благоприятные условия. Маг дает понять, что появилась отличная возможность – сделать задуманное реальным. Человек сам поймет, в какой деятельности он сможет проявить свои активные действия, и возьмет инициативу в руки.","В перевернутом видекарта Маг означает, что человеку свойственно проявлять свою хитрость, он бывает весьма меркантильным и злоупотребляет своей властью. В такой момент он использует любые средства, чтобы достичь желаемого результата.

В перевернутом положении Мага стоит опасаться отсутствия нравственных замыслов, даже не стоит говорить о морали и этике. Как правило, карта Мага в перевернутом положении выпадает людям с эгоистичным характером. Эти люди ловкие и совершенно беспринципные. Они убеждены, что моральная и нравственная культуры уже давно устарели и изжили себя. И если человек решил стать успешным, то ему не стоит следовать этим нелепым принципам.

Также перевернутый Маг может говорить о том, что человек не уверен в собственных силах, у него занижена самооценка. В таком случае, карта свидетельствует о хроническом неудачнике, которого подстерегают проблемы и неудачи, и он не может выбраться из этого замкнутого круга.Также может речь идти о неоднозначной ситуации, в которой разобраться в настоящий момент – невозможно."
2,Жрица,The High Priestess,"Карта сообщает о том, что совсем скоро появится информация, благодаря которой человек посмотрит на свою жизнь другими глазами. Карта Верховная жрица показывает спокойствие, когда человек уходит в себя. Ему хочется побыть в спокойной обстановке, но не для того, чтобы разобраться со своими делами, а для того, чтобы просто побыть некоторое время в тишине. Решение вопросов, разумеется, придет само собой, но попозже.

Человек, которому выпадает эта карта, как правило, развивает свои таланты и индивидуальное познание. Желаемого добивается через духовную мудрость и терпение. Бывает весьма настойчивым и сообразительным. Здравый смысл – это про Верховную жрицу.

Человек становится более уверенным в себе, у него появляется интуиция, понимание, глубокое сознание. И даже те знания, которые ему давно известны, могут помочь в решении появившихся проблем.","В перевернутом виде карта Верховная жрица показывает отсутствие разума и проблемы, которые неожиданно возникают. У человека появляется полоса неудачи, его мечты и желания неосуществимы. Как следствие, это приводит к подавленному настроению.

Знания гадающего очень поверхностны. Карта Верховная жрица предупреждает о том, что необходимо исключить все необдуманные действия и меньше проявлять свои эмоции.
Просто человек может наделать много глупостей, в чем-то проявить свое невежество и манию величия. И действительно, ему свойственно быть эмоционально неуравновешенным под влиянием карты в перевернутом виде. Его суждения неверные, мышление затуманенное. Ему и самому становится боязно - принимать решение.А ведь тщеславия и самоуверенности стоит остерегаться."
3,Императрица,The Empress,"Аркан говорит о жизненной силе, плодородии, росте и зарождению нового. Человеку, которому выпала эта карта, стоит положиться на судьбу. Пусть все события идут своим ходом, главное, спокойно воспринимать происходящее.

Все дела идут к развязке, а значит, совсем скоро человек узнает, какая ожидает его судьба. Возможно, просто на его пути встретится такой человек, который сыграет не последнюю роль в его жизни, станет покровителем. В некоторых случаях карта может обозначать – скорое бракосочетание или зачатие ребенка.

Карта Императрица – это хорошая карта. Есть все основания радоваться, когда она выпадает при гадании. У человека появляется удовлетворенность от происходящих событий, которые довольно быстро развиваются.
У Императрицы невероятная энергетика, а значит, все дела, которые просто лежали мертвым грузом, вдруг неожиданно проснутся, и дадут новые сильные побеги. Под покровительством этой карты все дела будут успешными.","Карта говорит об отсутствии удачи и профессионального роста. А это, как правило, много проблем и негативные эмоции. Естественно, плохое настроение и неудачи в делах, могут очень плохо сказаться на человеке.

Также ему будут препятствовать по жизни его негативные качества, он проявит свой эгоизм, жадность, ревность. Скорее всего, это будет связано с любимым человеком, на которого он обижен, считая, что от него только одни неприятности. Также карта характеризует материальные трудности и разлад в семейных отношениях.

Человек, которому выпала эта карта, хитрая и властная личность. Он находится в таком состоянии, когда не в силах решать свои проблемы или строить какие-либо планы. У него появляется упадок творческих сил, и он бездействует. Ему очень сложно избежать ссор и конфликтов, даже возможны заболевания.

Карта Императрица несет негативный посыл. Также могут возникнуть трудности, связанные с беременностью. Либо это будет связано с бесплодием, либо с нежелательной беременностью."
4,Император,The Emperor,"Карта в этом положении выпадает людям практическим, целеустремленным и надежным. Они отличаются настойчивостью, здравым рационализмом, умением доводить дело до конца, отстаивать свою точку зрения и интересы. Это прирожденные лидеры.

Император говорит также о том, что предполагаемое дело надо делать именно сейчас, не откладывая, а все проблемы разрешать также без задержек. Император подсказывает, что помощь в этом окажут дисциплинированность, ответственность и рассудочность в решениях.

Также карта намекает на необходимость решительных действий ради защиты своих интересов, но эти действия должны соответствовать требованиям закона и морали и не противоречить велениям совести.

Если Император выпадает женщине, это может говорить о наличии у нее сильного покровителя-мужчины, или что она испытывает сильное (положительное) влияние мужчины более старшего возраста.
Аркан нередко намекает на необходимость определенных усилий (в том числе довольно значительных) для создания и поддержания положения, которое человек сочтет достойным себя.","Перевернутый Император превращает достоинства в недостатки, доводя их до крайности. Практичность превращается в приземленный вещизм и жадность, а здоровая рациональность – в придирчивое внимание к малозначительным мелочам. Нередко карта в таком положении выпадает людям, у которых гипертрофирована жажда власти, реальным, а также предполагаемым тиранам и деспотам.

Перевернутый Император также может означать человека аморального, причем такого, что знает о своих недостатках, но принципиально не желает с ними бороться.

Аркан может предупреждать об общем застое в делах и развитии личности, причем в результате сознательного отказа от роста."
5,Верховный жрец,The Hierophant,"Верховный жрецв прямом положении говорит о том, что человек обладает качествами лидера, либо у него очень высокая степень развития, и он может давать мудрые советы. Это тот, кто готов получать знания от высших сил, либо самому учить кого-то. Это справедливый и строгий человек, духовный учитель, лидер какой-либо группы или организации, он твердо верит в традиции и морали, соблюдает все социальные правила.

Иногда карта может обозначать совесть, родителей, семью в целом, либо же может показывать на целителей и психологов, всё, что связано с законом и с системой ценностей.
Это человек, который серьезно думает о намерении вступить в брак, либо он принимают участие в какой-либо религиозной службе.Верховный Жрец расскажет о посещении консультанта, адвоката, врача, воспитателя. В вашей жизни появится тот, кто даст вам необходимый совет либо окажет помощь.

Верховный Жрец предрекает духовное совершенство либо выполнение каких-то определенных задач, часто говорит о том, что у человека присутствует какая-либо внутренняя сила, и он способен на многое. Это милосердный и искренний человек, который способен на большое чувство или на дружбу. Из таких людей получаются самые лучшие врачи.","Перевёрнутая карта свидетельствует, что проблему, о которой идёт речь, не решить стандартными способами, и вам придется применять что-то не очень смелое, оригинальное. С другой стороны Жрец означает упрямство, нежелание видеть дальше границ своего понимания. Деломожет быть испорчено плохими советами или мстительностью.

Иногда карта говорит о том, что человек рядом с вами скрывается под какой-либо маской, притворяется. Если говорить про религию, то это может быть фанатизм, когда увлечение переходит в одержимость. Если спрашивают про брачный союз, то время далеко не самое хорошее для того, чтобы жениться или выходить замуж.

Перевёрнутый Верховный Жрец объясняет - ситуация находится вне вашего контроля, и лучше всего ничего не делает, подождать. Возможно, что вы отнеслись к другому человеку с добротой, которая была чрезмерной, очень глупой, и сейчас поплатились за это. Либо вы получили информацию сомнительного содержания, которая ввела вас в заблуждение. Придётся в вашей жизни всё переосмыслить, измениться, иначе выход из положения не найдётся.

Если выпал перевернутый Верховный Жрец, значит, покровителя на данный момент не существует, либо у человека косность характера, и он не желает принимать другого мнения, кроме своего собственного. Часто означает недоговоренность, отмену каких-либо соглашений. Также олицетворяет ложь и жадность, лесть, лицемерие."
6,Влюбленные,The Lovers,"Карта свидетельствует об испытаниях, которые человеку предстоит пройти. Ему постоянно будет необходимо делать выбор между двумя альтернативами. Карта Влюбленные – это прошлое и будущее, старое и новое, прихоти и долг.

У человека в жизни произойдет внутриличностный конфликт между умом и сердцем. Ему будет сложно делать выбор, он будет находиться на распутье. Ну, даже на распутье он проявит всю свою силу духа. От его выбора будут зависеть последствия его дальнейшей жизни. Решение, которое он примет, может касаться профессиональной деятельности, путешествий, образования, домашних дел и идей.

В целом карта Влюбленные имеет позитивное значение. Несмотря на то, что человеку непросто будет делать выбор, он все-таки будет принимать правильные решения. Его поступки будут искренними и душевными. Сюда также можно отнести и страстную влюбленность. Карту Влюбленные ассоциируют с экзаменом или проверкой на прочность. А это не что иное, как решающее испытание.","Неоднозначное значение имеет карта Влюбленные в перевернутом виде. Либо это будет связано с безответной любовью, либо с сексуальной несовместимостью. Человек под воздействием этой карты совершает необдуманные действия, принимает опрометчивые решения.

В его голове больше иллюзий, чем здравого смысла. Он легко может сбиться с верного пути. Постоянно находится в смятении и замешательстве, конфликтует сам с собой и не способен выдержать испытание. Некоторые проблемы могут скрываться в его коммуникации, когда он просто не сможет установить контакт с человеком. А возможно, он даже и сам не знает, чего он хочет.

Под воздействием этой карты, человек ведет себя безответственно, он не способен принимать искренние и честные решения. Тем самым, провоцирует своими действиями себя на несчастье и провал. Его планам и целям – никогда не сбыться, они нереалистичные."
7,Колесница,The Chariot,"В жизни происходит заметный скачок вперед. Человек способен преодолевать препятствия, у него появляется уверенность в себе и собственных силах. Благодаря раскладу этой карты, человек может совершить масштабные действия, как в профессиональной деятельности, так и на личном фронте.

Все что хочется – сбывается, враги отступают, нет препятствий на пути к успеху. И даже если совсем недавно еще были трудности, то с картой Колесница нужно освободиться от прошлых проблем, и сделать первый шаг к своему успеху.

Прошлое должно остаться позади, ведь впереди человека ждет новый жизненный этап. Он будет полон сил и решимости, проявит свою смелость и откроет для себя новый мир. Колесница как бы подталкивает человека – взяться за какое-то для него новое незнакомое дело.

Как правило, эта карта выпадает тем людям, которые действительно стремятся к поиску себя, тянутся к чему-то новому, и их буквально переполняет энергия и воодушевление. Они активны и оптимистичны, и всегда стремятся добиваться своих целей.","Ничего драматичного не происходит, но все же это дурной знак. Карта говорит о поражениях и неудачах. И даже если счастье было недавно в руках, то в самый неожиданный момент Фортуна отвернется, и принесет с собой множество проблем.

Человек недооценивает ситуацию и порой переоценивает свои силы, именно поэтому все его планы внезапно рушатся. Он проявляет свой эгоизм, бывает весьма нетерпеливым и не умеет управлять делами.

Карту Колесница в перевернутом виде часто ассоциируют с человеком, который зажмуривает глаза в момент аварии на дороге. А вместо того, чтобы зажмуриваться, стоило бы все-таки попытаться вывернуть руль. Авось – и получилось бы! Человек может быть психически неуравновешенным и неуверенным в себе. На него может быть оказано чужое давление, окружающие люди явно будут оказывать неблагоприятное на него воздействие.

Возможны конфликты с законом, не исключены судебные дела. Человека ожидают провалы и потрясения, его дела будут практически срываться на ровном месте. Может быть это связано с недостатком контроля и действий."
8,Справедливость,Justice,"Изображение на этой карте – девушка, подчинившая своей воле льва. Таким образом, карта символизирует не грубую физическую силу, но нравственное превосходство. Сила говорит о полной уверенности в своей правоте, моральном превосходстве, энергии, духовной независимости, решительности.

При этом не следует воспринимать появление этой карты как намек на вмешательство или волю сил высших. Природа ее земная, карта символизирует ту силу, что может быть воспринята через чутье или интуицию. Может подразумеваться сила воли или энергия творчества.

Сила отрицает примитивное сдерживание своих «черных сторон», призывая расправиться с ними раз и навсегда при помощи высоких моральных устремлений. Она может указывать и на необходимость от чего-то отказаться ради того, чтобы обрести нечто лучшее.","Карта в перевернутом положении свидетельствует о чрезмерном применении силы (причем грубой), агрессии, упрямой напористости. Он указывает на человека, в реалии слабого, не способного добиться гармонии в собственной душе, неспособного сдерживать проявления своих низменных инстинктов.

Иногда перевернутая Сила говорит о том, что в судьбу человека нежелательным образом вмешивается некая третья сторона, а он не желает или не способен этому противостоять, хотя такое вмешательство разрушает все его планы. Может быть и наоборот – сам гадающий не может достичь цели потому, что слишком активно лезет в дела других, очень уж хочет, чтобы все непременно было сделано по его критериям."
9,Отшельник,The Hermit,"Обычно эта карта выпадает интровертам, не склонным поддаваться влиянию внешних обстоятельств, чувствующим себя уютнее в состоянии замкнутости. Отшельник символизирует единство земного и небесного, поиск жизненного пути и цели. Во многих случаях он может намекать на успех таких поисков, на тот факт, что человек найдет на этом пути учителя и наставника.

Также появление Отшельника может свидетельствовать о том, что человек имеет твердую идейную позицию в жизни, выверенную систему ценностей и умеет держать слово как перед другими людьми, так и перед самим собой. Карта может указывать на наличие в характере таких черт, как осмотрительность и осторожность, умение взвешивать свои решения.

Аркан нередко указывает на необходимость уединения – возможность разобраться в себе приведет к улучшению жизненной ситуации в ближайшем будущем.","В таком положении карта символизирует явление, называемое психологами эскейпизмом – трусливое бегство от реальности, сознательный отказ от подлинной полноты жизни. Перевернутый Отшельник указывает на человека несостоявшегося, не сумевшего найти собственное место в жизни.

Также такая карта может говорить о том, что человеку свойственно пустое упрямство, нежелание корректировать свое поведение в зависимости от обстоятельств. Вероятно также, что такому человеку свойственны чрезмерная скрытность, он склонен обманывать окружающих или следует извращенным идеалам.

Есть и положительная сторона – перевернутый Отшельник может говорить о том, что человек попал под влияние личности неординарной, во всем его превосходящей, и это на благо. Также карта иногда говорит о том, что поставленная цель уже достигнута."
10,Колесо Фортуны,Wheel of Fortune,"Карта свидетельствует о переменах. Как правило, это доброе предзнаменование, а значит, и перемены в лучшую сторону. Карта Фортуна подарит человеку удачу. Правда, обстоятельства будут неподконтрольными. Все что будет происходить в жизни – это подарок судьбы. Человек не в силах что-либо изменить, ему просто это будет неподвластно.

Фортуна является мистической картой, которая с невероятной точностью синхронизирует судьбу человека. Не исключено, что с человеком будут происходить в жизни такие события, которые у него когда-то уже были. Карта говорит о повторяющейся ситуации, покорности року.

Все что будет происходить с человеком под воздействием этой карты – это не случайно. Только вот изменить ситуацию человеку не дано. Он обязательно почувствует на себе силу этой карты, под ее воздействием он будет отличаться заразительной легкостью, храбростью, активностью, жизнерадостностью и непредсказуемостью. Жизнь становится интересной и насыщенной.","Если в прямом положении карта Фортуны говорит о переменах в лучшую сторону, то в перевернутом виде свидетельствует о неблагоприятной судьбе. Планам не судьба осуществиться. А может просто пока не время. Постоянно на пути человека будут стоять препятствия, помехи, невезение и неудачи. Это можно назвать «злым роком», возможно, появятся старые проблемы. Но не стоит сопротивляться происходящим событиям, они все равно неизбежны.

В этот период человеку необходимо быть осторожным, Фортуна удачи от него пока отвернулась, поэтому не стоит надеяться на везение. Также карта может свидетельствовать о том, что в жизни человека не будет каких-то глобальных перемен. Не наступило это время.
Аркан наделил человека пассивным настроением и нерешительностью. Он не сумеет реализовать открывающиеся возможности. В любых делах он будет весьма медлительным, что еще больше скажется на его невезении. Очень много в его жизни будет непредсказуемых ситуаций."
11,Сила,Strength,"Справедливость говорит о том, что человек должен взять на себя ответственность за все свои действия, за все свои идеи, за мысли. Наступает расплата по счетам, приходит отрезвление. Порядок должен быть восстановлен. Вообще Справедливость говорит о работе человека, связанного с юриспруденцией, например судьи. Либо вам предстоит принять участие в каком-либо заседании суда. Если вас несправедливо обвинили, то ждите, что этот человек вскоре извинится.

Если провести ассоциацию с пословицей, то лучше всего подойдёт такая: «Как аукнется, так и откликнется». Справедливость говорит вам о том, что вы встретитесь с последствиями всех своих действий, так что будьте готовы. Но с другой стороны, возможно равновесие либо гармония наконец-то наступят в вашей жизни, и вы получите заслуженное.

Вы должны тщательно всё взвесить, прежде чем принять какое-либо решение. Обдумайте всё подольше. Если дело разговор зайдёт о судебных делах, то они будут рассмотрены беспристрастно.","Если Справедливость выпала вам в перевернутом положении, значит вы что-то потеряете, с законом у вас возникнут проблемы либо сложности, также вас могут ложно обвинить.Дело даже может дойти до каких-либо злоупотреблений, конфликтов, сокрытия какого-либо серьёзного преступления.

Вы ясно почувствуете несправедливое и предвзятое отношение. Вы недостаточно заинтересованы либо очень сильно самоуверенны, это не в вашу пользу. Ждете извинения от кого-либо? Не ждите, его не будет. Боитесь кого-нибудь расстроить? Не бойтесь,это бесполезно. Экзамен сдан не будет, суд будет несправедливым, либо будет отложен.

Аркан обозначает бюрократов, коррупционеров, а также человека, который хочет устроить самосуд. Обвинение в ваш адрес было представлено напрасное. Собеседование вы, скорее всего, не пройдёте, возможно, вам нужно подготовиться получше."
12,Повешенный,The Hanged Man,"В прямом положении эта карта указывает на бесперспективное, тупиковое положение. При этом вовсе не означает, что из ситуации вовсе нет выхода – просто это нельзя (или очень сложно) сделать привычным способом. Нужно менять восприятие действительности и образ действий, только тогда можно выпутаться из сложившегося положения.

Также Повешенный может говорить о том, что человек подвергается сильному давлению, его вынуждают поступать определенным образом либо просто используют. Иногда Повешенный может указывать на то, что человек оказался в изоляции.

Есть у карты и более светлое значение – она может указывать на готовность принести жертву ради высших целей, или на факт, что правильное поведение может помочь даже в неблагоприятных обстоятельствах получить выгоду. Но при этом жертва должна быть сознательной и добровольной. Иначе потерять что-нибудь все равно придется, но выбор уже будет за судьбой, и кто ее знает, что она выберет.","Перевернутая карта чаще всего говорит о том, что в жизни человека наступил кризисный момент, и надо обязательно найти из него достойный выход. Тогда это поможет «вырасти над собой», перейти на некий качественно новый уровень. Но для этого потребуется переосмысление своей жизни и действий, поиск нового жизненного пути, формирование новой системы ценностей. При этом нельзя забывать о том, что развитие не ограничивается карьерным ростом и улучшением благосостояния – нельзя пренебрегать духовной составляющей.

Иногда перевернутый Повешенный рассматривается как указание на то, что человек предъявляет к себе и своему окружению неоправданно завышенные требования, и из-за этого не может получить желаемого и не знает удовлетворения.

Также появление такой карты может говорить о том, что гадающий склонен противодействовать неблагоприятным обстоятельствам пассивно, сознательно идя на самоограничения (получается нечто вроде толстовского «непротивления злу насилием»). Еще карта может указывать на то, что поставленная цель недостижима."
13,Смерть,Death,"Карта свидетельствует о том, что в жизни что-то пришло к логическому завершению (умерло, отжило). Но не стоит отчаиваться, ведь после завершения одного дела, обязательно последует начало новых дел, рождение новых идей и проектов. Это может быть связано как с личными отношениями, так и с работой. Также карта может свидетельствовать о том, что человеку придется расстаться или навсегда распрощаться со своими делами, возможно, он сам от чего-то откажется.

Аркан вносит в жизнь человека перемены, начало каких-то новых дел и событий, которые будут наиболее перспективными и оптимистичными. Просто человеку хочется изменить свою жизнь. Могут произойти неожиданные и кардинальные перемены в жизни. Возможно, придется переосмыслить жизненные приоритеты и цели.","Карта указывает на страхи перед жизнью или служит предупреждением. Человеку непросто отпускать то, что уже в принципе не имеет значения и смысла. Человек сам не дает закончиться тем делам, которые уже должны закончиться. Также карта говорит о том, что человек напрасно на что-то надеется и верит. У него наступило время апатии и застоя. Под воздействием карты человек сам того не замечает, как притягивает к себе еще больше проблем. И эти проблемы ему очень трудно решить, а особенно, завершить их.

Карта недает облегчения, она характеризуется муками. Жизненные перемены происходят слишком медленно или частично. Человек боится перемен и застоя в делах. Человек под воздействием карты Смерти может испытывать слабость и недомогание, болезненное и пассивное состояние. Также карта может указать на ситуацию опасности, когда человек чудом ее избежит."
14,Умеренность,Temperance,"Счастливая карта, характеризующая красоту, радость, тишину и гармонию, свет и восстановление. Карта благотворно влияет на человека и его деятельность. Человеку предстоит пройти какое-то испытание.

Благодаря аркану, разногласия и напряженные ситуации будут проходить в более смягченной форме. Независимо от обстоятельств, можно рассчитывать на то, что все утихомирится и прояснится. Не будет безвыходных ситуаций. Если что-то казалось недосягаемым, совсем скоро случится. Но главное, чтобы человек проявил свое терпение и самоконтроль. Карта подразумевает адаптацию и компромиссы, смирение и покорность.

Человек под воздействием этой карты выступает в роли миротворца или посредствующим звеном, сглаживающим разногласия. Он готов решать проблемы других людей, умеет сострадать, и по-философски относится к жизни. Как правило, сохраняет внутреннюю гармонию и спокойствие.","Неудачное расположение карты говорит об отсутствии гармонии и уравновешенности. Это может быть связано с проблемным браком, разрывом отношений, с неприемлемым партнерством. Поступки человека могут оказаться весьма необдуманными. Не исключено чрезмерное транжирство и вспыльчивость. Человек будет тратить не только денежные средства, но и собственные силы.

Перевернутая карта свидетельствует о том, что человек становится неуравновешенным, и очень важно восстановить ее умеренность. Карта предупреждает, что впереди ожидает множество дел одновременно, которые невозможно будет совместить. Такое испытание не будет пройденным, попросту не хватит сил.

Человека ожидают - неверный подход к людям и неверные суждения. Он будет очень эмоциональным и вспыльчивым, у него будет часто меняться настроение. Поступки и вовсе окажутся непредсказуемыми. Ему тяжело будет даваться учеба, освоение новой информации."
15,Дьявол,The Devil,"Аркан имеет дурное значение и указывает на то, что человек не способен держать ситуацию под контролем, и из-за этого навлекает на себя много неприятностей. Карта Дьявол говорит о том, что человек оступился, и его поступки привели к саморазрушению и деградации. Карта предупреждает о том, что не следует потакать своим слабостям и идти у них на поводу. Даже плотскую силу можно назвать потаканием своим слабостям. Человек под воздействием этой карты будет кому-то подчиняться или от кого-нибудь зависеть.

Только ни к чему хорошему это не приведет. Появится в окружении какая-то личность, которая будет иметь над ним власть, лишая его свободы и полноценной жизни. Также карта может означать и то, что человека мучает его темное прошлое, и он от него зависим. Карта Дьявол легко может сбить человека с пути, она показывает, как он играет с огнем. В жизни могут появиться сильные увлечения, которые принесут вред обязанностям, а из-за страсти человек потеряет совесть.","Позитивное значение имеет перевернутая карта Таро. Человек полностью освобожден от страха и зависимости. Он преодолевает преграды и избавляется от иллюзий благодаря внутренней силе. Он не потакает своим слабостям, проявляет сопротивление подавляющей личности. Он сбрасывает все оковы и устраняет препятствия.

Человек может выступать в роли обманщика и обольстителя. И все что будет происходить в его жизни, можно назвать сущей катастрофой и разоблачением. Он может быть бесчеловечным, нерешительным и неподатливым, нередко злоупотребляющий своей силой.
Карта Дьявол характеризует искушения, о которых человек намеренно забывает или просто не хочет их признавать. И такое поведение приводит к самым неожиданным последствиям. Не следует избегать чего-то запретного, нужно просто принять, как данность и все. Пройдет время, и запретное искушение останется в прошлом."
16,Башня,The Tower,"Башня говорит о том, что в вашей жизни произошли или скоро будут очень сильные перемены. Скорее всего, эти самые перемены будут неожиданными, не всегда желанными. Может произойти либо взлёт, либо падение. Человек может с кем-нибудь поссориться, кого-то сильно возненавидеть, впасть в агрессию, оборвать связи, впутаться в какой-нибудь криминал. Жизнь очень круто поменяется, произойдет встряска.

Чаще всего люди, которые переживают такой период разрушения, начинают задавать вопрос - за что им всё это, и ждут ответа, однако не дождутся, потому что вопрос в корне неверный. Надо спрашивать - для чего было дано это потрясение.

На карте изображено разрушение, молнии бьют со всех сторон. Вмешаются высшие силы, к вам придет озарение. Так что если вы ощущаете себя так, будто сидите в болоте, то можете радоваться, потому что этот период уже заканчивается.","В перевернутом положении аркан говорит о том, что черная полоса подойдет к концу. Да, возможно несчастье будет угрожать, но вам каким-то образом удастся его избежать. Покажется, что совсем всё плохо, но неожиданно вас, как говорится, пронесет.

Иногда вы можете стараться, но разрушения будут и дальше происходить. Здесь рекомендуется уточнить вопрос, бывает, что он задан неверно."
17,Звезда,The Star,"Звезда показывает надежду, происходящие изменения к лучшему. Аркан символизирует восход солнца, но рассвет только-только наступает. Это означает, что у человека возникнут какие-либо новые идеи, которые он сумеет воплотить в жизнь. Он уверен, что вскоре наступит лучшее будущее, он мечтает, строит планы.

Может быть появится новый знакомый или новая любовь, имеющиеся разногласия будут преодолены, настанет взаимопонимание, таланты разовьются, на человека снизойдет озарение.

Аркан говорит о том, что наступила эпоха безмятежности, трудности остались позади, перспективы будут весьма многообещающими. Вам нужно подождать, но бездействие не должно быть напрасным. Ваше желание исполнится, а задуманное благополучно закончится. Не нужно ждать, что новая дорога откроется прямо сейчас, немедленно. Или прямо с небес посыпется манна (золото, доллары, портфель министра), однако перспектива вот-вот покажется за горизонтом.

Высшие силы готовы обратить на вас свой благосклонный взор, поэтому обязательно подадут вам какой-нибудь знак, показывающий вам новое направление вашего пути. Постарайтесь обратить внимание на тайные знаки. Это может быть слова или название из случайно услышанной песни, название журнала, статья в газете, объявление на фонарном столбе и другое.","Если у вас есть вопрос по поводу отношения, к вам какого-либо человека, то Звезда в перевернутом виде говорит о том, что надеяться на этого человека бесполезно и глупо. И может, небезопасно. Не нужно возлагать на этого человека надежды, потому что вы разочаруетесь. Он способен разрушить ваши планы, посмеяться над ними, присвоить плоды ваших трудов. Вы делали, старались, а он пришёл на все готовое, раз-два, и он в дамках, а вы остались ни при делах.

Также и самоуверенность может стать причиной потери, а надежды будут обречены на заведомый провал. Реализация вашего желания откладывается, но потому, что человек либо слишком сильно сомневается, либо слишком самоуверен."
18,Луна,The Moon,"Аркан свидетельствует о чем-то потаенном и бессознательном, когда речь идет о темных сторонах человека, о его тайнах. Карта может скрывать такую тайну, которая может вылиться опасностью. В жизни человека могут произойти неприятные моменты с проявлением эмоций (зависть, ревность). И пока не время испытывать себя на прочность, проявлять свою смелость.

Карта предостерегает человека от опасности, она советует ему – вести себя осторожно, отслеживая каждый свой шаг. А все потому что многие события, которые будут происходить не всегда будут подвластны человеку. Человек столкнется с непредсказуемостью. Информацию, которую он будет получать, окажется неполной, а все потому что человек сам отказывается смотреть правде в глаза. Есть опасность попасть в чью-то ловушку, не исключены внезапные перемены.

Человек столкнется с трудностями и препятствиями, только не сразу станет понятно насколько они серьезные. Очень легко оступиться и совершить ошибку. Если недавно все казалось понятным, то теперь темнота. Это как день и ночь. Днем мы видим одну картину, а ночью совершенно другие ощущения.","Нельзя сказать, что Луна несет какую-то угрозу, но тем не менее, карта характеризуется негативом и опасностью. По сути, перевернутую Луну можно назвать нашими страхами, опасениями и предчувствиями. В свою очередь, Луна может свидетельствовать о кошмарных снах. Если человеку приснится страшный сон, он может долго переживать по этому поводу и бояться того, что сновидение когда-нибудь станет реальностью.

Человек под воздействием Аркана, может запутаться в своих страхах, и чувствовать себя незащищенным. Кроме того, он боится порчи и колдунов, его пугают обстоятельства, связанные с мистикой, ограблением.Кстати, Луна указывает на тот факт, что не исключено – ночное ограбление.

Просматривается в обстоятельствах неясность, нестабильность, ложь. Человек отказывается принимать окружающих людей такими, какие они есть со всеми их качествами и слабостями. Он цепляется за привычную ему обусловленность, деловитость и рассудочность, особенно в момент смятения."
19,Солнце,The Sun,"Хорошая карта, которая рассказывает о светлой и солнечной полосе жизни. У человека наступает период, когда он чувствует себя счастливым и удачливым. Это может быть связано с рождением ребенкаили с другой ситуацией, где происходит что-то новое и позитивное. Человеку, которому выпадает этот аркан, является жизнелюбивой личностью, он уверен в собственном будущем. Любые трудности и разногласия ему даются легко, так как он умеет конкретно описывать ситуацию.

Аркан Солнце выделяет человека, который стремится к светлым, чистым и высоким идеалам. Он направленно идет к свету, преодолевая все темные стороны своей личности. И его, в действительности, ожидает большой успех во многих сферах деятельности.

Кроме того, у него прекрасно складываются дела на работе. Он достигает невероятных успехов и триумфа не только в карьере, но и в сугубо личных делах. И с эти арканом он может удачно вступить в брак, в котором будут царить: любовь, уважение, достаток, радость, успех.","Ожидаются препятствия на пути человека, которые противостоят его счастью и успеху. Возможно, он способен достигнуть своих целей, но нельзя этот путь назвать безоблачным. Все, чего он добьется – это сложная дорога с результатом больших усилий и преодолением трудностей. Если в прямом положении Солнце просто одаривает человека счастьем и большим успехом, то в перевернутом виде – нужно многого добиваться, благодаря своему трудолюбию и стараниям.

Аркан вроде имеет то же самое значение, что и в прямом положении, только радость от происходящего человек получает в меньшей степени. Победа, к которой он будет стремиться, отнимет у него много сил. Его успехи в карьере – незначительные, да и материальный достаток нельзя назвать весомым. И даже если он добивается своего успеха, дается ему это далеко не просто, ведь свою радость он получает с небольшим привкусом огорчения.

Солнце, как ни странно, не может нести негативный смысл. Просто все, что происходит в жизни человека – не имеет таких ярких красок, успехов, достижений."
20,Суд,Judgement,"В целом значение карты скорее положительное. Суд свидетельствует о совершающейся или предстоящей трансформации личности – появлении новых целей или открытии новых способностей. При этом Суд указывает на то, что на этом пути придется освободиться от каких-то старых стереотипов, привязанностей, привычек, что сейчас только тормозят движение к цели.

Естественно, все это получится не без усилий. Суд говорит, что человек должен быть готов к трудностям и неприятностям и ему придется потратить немало энергии, чтобы достичь желаемого, но цель является достижимой. Все проблемы имеют временный характер и при наличии упорства и целеустремленности будут преодолены.

В некоторых случаях прямой Суд может говорить даже о том, что намеченная цель уже достигнута, хоть это пока не очевидно. Карта может намекать и на окончание «черной полосы» в жизни, переход в новый, более благоприятный этап.","Обычно такое положение карты говорит о нежелании человека принимать изменения в жизни. Перевернутый Суд свидетельствует о том, что движение к цели замедлилось или вовсе остановилось, что имеются некие внешние или внутренние факторы, что не дают человеку развиваться, оставляют его в стагнации.

Перевернутый Суд может указать и на некоторые причины застоя. Так, он может говорить о том, что человек переоценил собственные силы и взялся решать слишком сложную для него задачу, или же что он полагается на то, что положение исправится само собой. Нередко перевернутый Суд говорит о том, что в своих суждениях человек пользуется неверными представлениями, что его идеалы искажены.

При этом карта настоятельно рекомендует принимать требуемое решение как можно быстрее. Медлительность только увеличит количество возможных трудностей."
21,Мир,The World,"Аркан является воплощением удачи и удовлетворенности. Человек под воздействием Мира, будет испытывать чувство радости и гармонии. Он с удовольствием будет не только отдыхать, но и выполнять работу. Карта Мир уже говорит за себя о том, что человек должен примириться с окружающим миром. Аркан наполнен положительной энергией, человек как будто обретает личный рай, достигает долгожданной и вожделенной цели. Кроме того, Мир может свидетельствовать о том, что завершился определенный жизненный цикл или что-то реализовалось.

С Картой Мир человек ощутит полную победу даже в самых трудных и рискованных ситуациях. Не исключено – получение прибыли, наследства. Все проблемы будут разрешимыми, хорошие люди потянутся, а плохие неким образом отпадут, восстановится здоровье.

Удача в судьбе будет появляться сама собой, даже не нужно прикладывать для этого максимальные усилия. Он достигнет всего, о чем только мог мечтать. Он испытает удовлетворение от того, что пазл сложился в единую картинку.","Перевернутый Аркан можно растолковать, как бездействие, подчинение человека, который с пассивным настроем ожидает от судьбы положительных сдвигов. Под воздействием этого Аркана он вряд ли добьется своей цели, так как привык плыть по течению. Как правило, эта карта выпадает ленивым натурам.

В большинстве случаев, человек с этой картой получает справедливую расплату за свои неверные действия и суждения. И даже если хороший результат его труда уже был у него в руках, наступает время отсрочки. Он может испытывать состояние апатии, депрессии, разочарования, а его настойчивость и вовсе не принесет желаемых результатов.

Перевернутая карта указывает на то, чтобы человек натолкнулся на мысль, что успех не приходит просто так, необходимо чем-то поступиться или пожертвовать. В кругу людей, с которыми человек общается, могут оказаться недоброжелатели, и они создадут ему немало неприятностей."
22,Король Жезлов,King of Wands,"Когда выпал Король Жезлов, он говорит о том, что гадающий человек – лидер, способный повести за собой массы, обладающий даром убеждения. Эта карта символизирует покровителя. Такой человек проявляет завидное упорство в достижении своих целей.

Он силён, мудр, смел. Умеет уважительно относиться к чужому мнению. Старается оказывать помощь людям. Его щедрость не знает границ. Карта – знак успеха в различных сферах жизни. Она сулит знакомства с интересными людьми. Скучная однообразная работа – это временное явление. Нужно настроиться на перемены. Они будут неожиданными и с «сюрпризами».

Если гадает мужчина, то его соперник – честный и щедрый друг.

Если гадает женщина – её ждёт встреча с влиятельным родственником (или знакомым), от которого зависит реализация планов, или финансовые поступления.","Перевёрнутая карта сигнализирует о непорядочности гадающего, о его «отрицательных сторонах», которые, в последнее время, стали всё сильнее проявляться. Это человек – тиран и самодур. Свои идеи реализует, используя других людей, а способы для этого выбирает непорядочные. Он мстителен, способен нарушить закон, проявив, при этом, неимоверную жестокость.

Скорее всего, ему предстоит выслушать о себе нелицеприятные отзывы. Возможно получение неприятных новостей. Гадающий человек – это властная, жестокая личность. Его поведение в отношении других людей адекватным вряд ли можно назвать.

Может быть, стоит обратить внимание на то, что называется духовным ростом, и стать более лояльным в отношениях с окружающими? Строгость во всём не всегда уместна, а близкие люди страдают больше всего от проявления отрицательных черт характера человека, которому гадают."
23,Королева Жезлов,Queen of Wands,"Аркан представлен в виде опытной, зрелой и практичной женщины, которая состоялась в жизни. Нередко ее еще называют магнетической личностью, волевой и импозантной. Тому, кому выпадает этот Аркан, уверенный в себе, активный, инициативный, независимый, открытый и харизматичный человек. Он быстро и решительно принимает решение, но ему все равно требуется поддержка со стороны. Он отличается высоким профессионализмом, поэтому способен преодолевать препятствия, бросая вызов судьбе.

Благодаря своей гордости и честолюбию его претензии на лидерство весьма актуальны. Он самостоятельный и независимый, успешный и амбициозный.

Карта Королева Жезлов является самодостаточной. Здесь описывается ее привлекательность, открытость и доброжелательность, а значит, человек может рассчитывать на ее поддержку в своих начинаниях, у него могут появиться союзники и вдохновители. Но другое значение карты гласит о том, что перед вами появится яркий соперник, которому сложно будет доказывать свои преимущества.","Перевернутая Королева Жезлов выражается в импульсивном и чрезмерно независимом характере человека. Часто ему попросту не хватает опыта, он недооценивает сложность проблем, с которыми сталкивается. Под воздействием Аркана он становится жестоким и властным, ему свойственно проявлять высокомерие по отношению к людям. Кроме того, он не желает помогать окружающим, отказывается делиться своим опытом, не хочет делать людям добро.

Такой человек способен даже на вероломный поступок. И такого врага стоит опасаться, потому что его поступки основаны не на эмоциях (Королева Жезлов - отходчивая и незлопамятная личность), а на логическом мышлении.

Человек с этой картой – ревнивый, эгоистичный и высокомерный, в его поведении просматриваются: и гнев, и месть, и отчаяние. И если прямое положение карты свидетельствовало о дружелюбие, то в перевернутом положении – возникают ссоры с друзьями. В свою очередь, у нее появляются разногласия в семье и неуспехи в делах."
24,Рыцарь Жезлов,Knight of Wands,"В том случае, если выпал Рыцарь Жезлов в прямом положении, карта символизирует человека – борца. Он всегда готов отстаивать свои интересы, не боясь сопутствующих проблем и козней конкурентов. В то же время, он – романтик, ему в жизни всё интересно. Любит споры и соревнования. Он долго не думает, а предпочитает активно и с энтузиазмом действовать для того, чтобы его цели были достигнуты. Не боится рисковать.

Гадающий создаёт вокруг себя суету. Он хочет видеть немедленный результат своей работы. Ожидания и размышления – не для него. Обычно, эти люди любят заниматься бизнесом, спортом. Часто путешествуют. Окружающим с ними легко. Обладая чувством юмора и легко реагируя на неприятности, они открыты для новых идей. Они щедры, импульсивны. Среди них много руководителей и профсоюзных лидеров. Все они сильны, азартны, активны.","Рыцарь Жезлов в перевернутом виде предупреждает о ненужных рисках. Карта говорит о таких чертах характера гадающего, как: легкомыслие, безрассудство, склонность к сомнительным авантюрам, чрезмерная спешка, ревность, подозрительность.

То, что возникли неудачи, не случайно. В этом никто не виноват. Человек сам, своими необдуманными поступками их спровоцировал. Карта советует взглянуть на себя со стороны и пересмотреть жизненные цели в корне, иначе неприятности только усугубятся. Данный человек склонен ко лжи. Может так случиться, что обманут и его. Об этом надо подумать."
25,Паж Жезлов,Page of Wands,"Чаще всего Паж Жезлов трактуется как некий человек (молодой, светловолосый и светлоглазый), что вскоре появится в жизни гадающего. Это может быть и девушка, и юноша. По знаку Зодиака это будет представитель огненной стихии: Овен, Лев или Стрелец.

Карта также может означать получение интересного и выгодного предложения, такого, что просто грех отказываться. Она означает и определенный настрой, состояние душа: подъем, энтузиазм, энергию (все, что свойственно здоровой молодости).

Еще Паж Жезлов может говорить о наличии любопытства, но конструктивного, приводящего к знаниям и личностному росту. Это может быть свидетельством и о перспективе риска, но конструктивного, приводящего к положительному результату и доставляющего удовольствие.","Перевернутый Паж Жезлов говорит о лишнем интересе к риску, сомнительным предприятиям. Он может характеризовать человека, склонного рисовать без причины, амбициозного, хвастливого, самоуверенного, но неумелого и неопытного.

Также эта карта в перевернутом положении говорит о пришедших с опозданием важных новостях, неумении начать действовать сразу, оценивать значение и далеко идущие результаты своих поступков.

Аркан может говорить об упрямстве, желании настоять на своем вопреки здравому смыслу. Эта карта имеет и насмешливый смысл – может указывать на то, что гадающий попадет в комическую ситуацию. Помимо всего прочего, аркан может говорить о склонности к неоправданному риску, авантюризму."
26,Десятка Жезлов,Ten of Wands,"Значение карты - благоприятное. Оно обозначает удачу, процветание, финансовую выгоду. Но человек, на которого делают расклад, слишком уж усердно трудится, не замечая ничего вокруг себя. Вот почему все его достижения могут не принести ему морального удовлетворения, а в душе будет только пустота.

Человек - трудоголик (как подсказывает карта), взвалил на свои плечи огромный груз обязательств. Это касается различных сфер жизни. Как навьюченная лошадь, он старается изо всех сил, но слишком много хлопот и проблем приходится решать.

Если продолжать работать в таком ритме, то провал неминуем. Обычно Десятка жезлов выпадает предпринимателям, которые работают круглосуточно в сумасшедшем темпе, а остановиться не в силах. В их головах только одно: работа, работа, работа.

Гадающий нуждается в отдыхе, мудром совете, изменении жизненных ценностей. Карта может обозначать тревогу и душевную пустоту.","В данном виде карта характеризует человека, как скрытную, необщительную личность. Гадающий слишком хочет контролировать других людей. Он надеется в жизни только на себя. Не желает слушать ничьих советов, отказывается от помощи. Он очень одинок и страдает от этого, но изменять своим принципам не намерен.

Ему кажется, что его труд по достоинству никто не ценит. Этот человек чувствует себя несчастным, но делиться своими чувствами ни с кем не намерен. Карта указывает также на то, что человек достигает своих целей, применяя непорядочные методы. Если предстоит устройство на новое место работы, нужно быть готовым к сложностям с выполнением новых профессиональных обязанностей."
27,Девятка Жезлов,Nine of Wands,"Основные трактовки карты: чувство опасности, успех в нелёгкой борьбе, готовность к отстаиванию своих интересов, возможные страхи и опасения перед неизвестным будущим, ощущение приближающегося успеха.

Гадающий совсем недавно пережил непростые времена. Ему пришлось добиваться своих целей нелёгким упорным трудом. Проблем и сложностей возникало предостаточно, но он выдержал их стойко. Жизненные трудности закалили его настолько, что он теперь не боится ничего. Он любит умственные и физические нагрузки, не боится тяжёлой работы. Этот человек очень любопытен, и путешествия в его жизни играют немаловажную роль.","Карта указывает на такие черты характера гадающего: подозрительность, упрямство, недружелюбный настрой, безынициативность, эгоизм. Этот человек очень часто неправильно трактует высказывания окружающих, из-за чего возникают ссоры и конфликтные ситуации. Он не умеет общаться, поэтому и одинок.

Обычно, карта выпадает тем людям, кто находится в меньшинстве. Их в обществе недолюбливают из-за скрытности. Им мешает достигать целей комплекс неполноценности."
28,Восьмерка Жезлов,Eight of Wands,"Аркан подразумевает вдохновение и озарение, когда человека будут ожидать события благоприятного характера. У него все получается, он быстро и правильно принимает решение. Под воздействием этой карты, он просто хватает свою удачу за хвост. Следует ожидать от жизни много интересных и незабываемых событий.

Карта свидетельствует о несомненном продвижении к цели. И даже если человек не замечает процесс перемен и скачков вперед, тем не менее, это время для него уже наступило. При раскладе Восьмерки Жезлов что-то будет меняться в жизни, что-то будет носиться в воздухе. Многие события произойдут намного раньше, чем человек будет этого ожидать.

Каждый человек рано или поздно ждет подарков от судьбы, многие надеются на положительный расклад в жизни. Но с появлением этого Аркана, можно не только рассчитывать на сюрпризы судьбы, но и на их быстрое осуществление. Удача будет так близко, что даже застанет человека врасплох.","Под воздействием Восьмерки Жезлов, человеку стоит ожидать неожиданных помех на своем пути. И чтобы преодолеть эти препятствия, он будет принимать быстрые и поспешные решения. Опрометчивые поступки могут плохо сказаться на его судьбе. А ведь во многих вопросах не нужно суетиться и спешить, это совершенно бессмысленно.

Из-за неправильного поведения он может упустить возможность, которая уже почти что, была в его руках. Может произойти так, что человек «доиграется», а в итоге получит большие неприятности, которые будут связаны с судебными процессами.

С перевернутой картой необходимо промедление и оттягивание решений, пока не время предпринимать действия. Все усилия, которые человек будет прилагать для того, чтобы добиться своих целей, будут потрачены впустую."
29,Семерка Жезлов,Seven of Wands,"Семерка жезлов – неоднозначный аркан, связанный с риском, борьбой, бескомпромиссностью, некоторыми ограничениями. Правда все эти действия будут направлены на достижение цели. Человек будет оперативно прилагать свои усилия, ему свойственно добиваться успеха в одиночку, без чьей-либо помощи.

Карта говорит о необходимости перемен, либо о корректировке происходящей ситуации. Все, что будет происходить в жизни человека, станет важным и внесет перспективу в дальнейший ход его дел, несмотря на то, что карта сложная и непредсказуемая. Человек готов защищать свои жизненные принципы и идеи.

В принципе, карта имеет положительное значение, несмотря на то, что присутствуют столкновения с неблагоприятными обстоятельствами (например, недоброжелатели). Возможно, она не наградит человека безоблачным благоденствием, зато сулит успех в борьбе, который будет достигнут благодаря смелости и решительности.","Под воздействием семерки жезлов, человеку не будет хватать мужества, он утратит хорошие возможности. Он просто уйдет в тень в тот момент, когда необходимо бороться и добиваться своих целей. Он не захочет слушать окружающих людей (партнеров, друзей, родственников) и принимать от них помощь.

Даже достигнутые цели, человек под воздействием Аркана не сумеет отстоять. Его ожидают денежные потери и потери возможностей из-за собственной неуверенности, некомпетентности, сомнительности, растерянности, подозрительности. Он легкомысленный и беззаботный, не способен сопротивляться другим людям, не умеет выбирать правильную стратегию и расставлять приоритеты.

Человеку, которому выпала эта карта, свидетельствует о том, что он сбился с пути, потерял верное направление и почву под ногами. Возможно, под воздействием карты, у него не все складывается в делах, именно поэтому он думает, что у него нет оснований вести себя уверенно и твердо."
30,Шестерка Жезлов,Six of Wands,"Шестерка жезлов – благоприятный аркан. В общем раскладе является символом победы, завершения всех поставленных задач, даже самых трудных. Человек, который делает расклад, может стать известным или получить народное признание за достойные заслуги, потому что основной смысл карты – обнародование победы.

Гадающий обязательно примет мудрые решения в сложнейших вопросах, ведь он уверен в себе, своем влиянии на окружающих. Полный настрой на успех из-за полезных качеств, таких как ответственность и исполнительность.

Любое дело в руках этого мастера не останется в середине пути, оно дойдет до конца. В повседневной жизни все может быть и не очень помпезно и торжественно.

Карта возникает в раскладе в прямом положении, если на днях будет приятная новость, знакомство, которое поможет в разрешении задачи. Шестерка жезлов – знак успешного завершения дел. Однако Аркан говорит не о том успехе, который появляется из воздуха, посланный судьбой, а о справедливо заслуженном собственными трудами.","Выпадающая в раскладе Шестерка Жезлов в перевернутом виде, несет в себе значение отсрочки результатов, возникновение трудностей на пути к достижению цели.

Указывает карта и на то, что в обыденной жизни человек сможет показать себя с негативной стороны, показав самые плохие качества, непорядочность, чем заслужит плохую репутацию, создаст новые проблемы, которые помешают решению основной задачи.

Аркан является предостережением для человека, который должен приготовиться отразить удары судьбы, чтобы остаться на плаву и дойти до собственного успеха."
31,Пятерка Жезлов,Five of Wands,"Основное значение этой карты, это борьба с другими людьми, возможными конкурентами которые используют методы те же что и вы сами, но имеют противоположное мнение. В большей степени это открытое столкновение с равными соперниками, нежели коварство.

Аркан может обозначать перемены, которые не пойдут легким путем, и для них придется приложить усилия, преодолевая себя и жизненные трудности. Тут присутствует соперничество, но оно не деструктивное, а полезное, которое позволяет испытать свои силы, и укрепить уверенность в них в случае успеха.

Поле боя может быть, как и давно вам известное, так и совершенно новое. Часто это конкуренция на работе или участие в ином соревновании. Это своего рода вызов, возможность реализовать себя, путем преодоления трудностей.

Значение карты имеет благоприятный исход, вызов брошен, но и сил у вас должно хватать, следовательно, полного разгрома в случае неудачи ожидать не следует, а возможность преуспеть достаточно высокая.","В перевернутом значении карта означает борьбу в самых худших проявлениях, коварство, интриги, желание получить выгоду из конфликтов посторонних людей. Иногда карта может значить даже чрезмерную жестокость и возможные проблемы с законом.

Конфликт и борьба не несут позитивного начала и вызывают только нервозность, ненужную суету и подпольные интриги. Также возможная неудача из-за обмана, или это значит то, что спор не стоил того, в итоге вы потеряете лишь силы и время.

Неверная оценка собственных возможностей в результате провал. Невозможность достигнуть хоть какого то взаимопонимания."
32,Четверка Жезлов,Four of Wands,"Карта Четвёрка жезлов - одна из самых удачных среди карт Таро. Она обозначает счастливый период, радость, удачу, наслаждение всеми благами жизни. Гадающий человек находится в гармонии со Вселенной. Он счастлив, общителен, оптимистично смотрит на события.

С ним легко окружающим, так как он поможет и поддержит в трудную минуту. Не теряет самообладания ни при каких обстоятельствах. Люди тянутся к такому человку как к магниту, и этому есть свое объяснение. Он может дать дельный совет, оказать финансовую помощь, так как щедр и открыт душой.

Возможно, гадающий человек стал богатым, выиграв в лотерею, или получив наследство. Сейчас он может и сам оказывать помощь другим. Карта говорит, что судьба вознаградила его по заслугам.","Необычным кажется то, что у данной карты в перевёрнутом виде нет негативного аспекта. Человек на правильном жизненном пути, он свои слова и поступки контролирует. В жизни он прагматичен, умеет добиваться задуманного, но делает всё не спеша.

Возможно, единственным минусом гадающего, может являться желание, стать обеспеченным, ничего при этом не делая."
33,Тройка Жезлов,Three of Wands,"Если в раскладе появилась Тройка жезлов, она обозначает стремление к идеалу, доброжелательное отношение к людям. Человек стремится реализовать свой творческий потенциал. Он ищет единомышленников для создания собственного дела или совместной работы над заданием.

Он обладает сильной энергетикой, любознателен, умён. Проявляя инициативу, он почти всегда оказывается прав. Такие люди, обычно, делают отличную карьеру. Уверенность в собственных силах им в этом помогает.","Карта указывает на отсутствие у гадающего энергетического потенциала. Он - очень высокомерно себя ведёт с окружающими, не стремится к сотрудничеству с коллегами. Творческие идеи у него отсутствуют. Достижений у него нет. Начальство считает его не перспективным сотрудником. К своим профессиональным обязанностям он относится небрежно."
34,Двойка Жезлов,Two of Wands,"Аркан свидетельствует о том, что человек готов бороться за себя, свои идеи и начинания, даже если ему придется рисковать. У человека проявляется выраженная импульсивность и безрассудная храбрость. Он больше не желает занимать нейтральную позицию, поэтому реагирует на все незамедлительно, не рассуждая и не раздумывая.

Свою вспыльчивость человек желает продемонстрировать окружающим, как свойство своей натуры. Только действует он явно вопреки своей натуре, им управляют еще и внешние раздражители. В такой момент человек не способен здраво мыслить, он совершает необдуманные поступки, которые, в принципе, было возможно избежать. Он бросает вызов любым обстоятельствам, действует смело и напористо. Возможно, поэтому карта имеет позитивное толкование.

Человек способен получить гармонию между тем, чего он уже достиг в прошлом и тем, чего достигнет в будущем. И то, что человек стремится к власти и завоеванию, это тоже положительный аспект этой карты.","Под влиянием Двойки Жезлов человек поступает неосмотрительно и опрометчиво. А может быть, он наоборот боится выйти за рамки привычной и устаревшей действительности. Человеку, который не ощущает в себе достойного потенциала, запросто может выпасть эта карта. Это неуверенная в себе личность, правда, сам он этого признать не готов.

В его жизни появляется много ответственности, только вот власти маловато. Его понижают в должности, и он внутренне переживает свои неудачи, которые выплывают в виде апатии и сильной депрессии. Если путешествует, то неожиданным образом, ему придется вернуться назад в связи с какими-то трудностями. Из-за нечестности людей он будет смущаться, волноваться и разочаровываться.

Карта подразумевает обманы и нереализованные планы. Скорее всего, ему просто не будет хватать потенциала для воплощения своих идей и замыслов. Человека при раскладе карты ожидают хлопоты, какие-то препятствия и ограничения."
35,Туз Жезлов,Aсe of Wands,"Туз жезлов обозначает перспективы, открывающиеся возможности для духовного развития, энергичность, смелость, масштабные проекты. Туз жезлов – это находчивость, мужество, готовность пойти на определённые жертвы. Кроме этого эта карта обозначает: оптимизм, вдохновение, раскрытие творческого потенциала человека.

Ключевое значение туза жезлов – это что-то новое. Это может быть новый проект, начало жизненного этапа. К сожалению, этот период вряд ли закончится удачно. Жезлы принадлежат Огненной стихии, поэтому к составляющим карты относят: самообладание, чёткость в суждениях и поступках, следование моральным принципам, духовный рост.

Анализ этой карты говорит о следующем: Туз Жезлов – это радость жизни, позитивный настрой, творчество. Возможно, что грядёт получение наследства или крупного денежного поступления. Иногда, эта карта говорит об излишней торопливости. Обычно эта карта выпадает у оптимистов.","Карта Туз жезлов в перевернутомвиде «сигнализирует» о потере сил, провале планов, неудачах и разочарованиях. Может так случиться, то человек, которому гадают, недостаточно хорошо подготовил свой проект, или его подвело отсутствие опыта…Как вариант, для реализации планов этого человека просто не наступило нужное время.

Туз жезлов говорит о том, что гадающий человек – очень неуверенная в себе личность. Ему трудно принимать решения, он постоянно сомневается. Именно из-за сомнений могут не реализовываться планы."
36,Король Кубков,King of Cups,"Выпадает Король Кубков как знак привязанности к родным местам и собственному уютному дому. Кризисные моменты начинают заканчиваться, препятствия проходят мимо вас стороной, а впереди только широкая светлая полоса и благоприятные разрешения всех трудностей. Отношения в браке станут очень крепкими, наладится между супругами прочная эмоциональная связь и доверие.

Карта символизирует собой успешного ответственного мужчину, справедливого и зрелого. Он очень разумен и честен ко всем, принимает мудрые решения. Благодаря своей образованности и воспитанности, знает, как произвести впечатление на даму сердца.

Аркан не олицетворяет собой определенного человека, который обязательно встретится на жизненном пути. Это само воплощение власти, чести, справедливости, разумных и обдуманных поступков. Кто-то из окружения может помочь решить ваши проблемы совершенно бескорыстно, нужно лишь попросить о помощи.","Король Кубков выпадает, как правило, перед утратой чего-то ценного в жизни. Также, карта свидетельствует о непорядочных и коварных людях, которые встретятся на жизненном пути гадающего.

Какой-то человек, в чьих руках огромная власть и влияние, может испортить планы, сбить с курса намеченных целей. С таким человеком не нужно сближаться совсем: ни пытаться с ним подружиться, ни начинать конфликтовать. Просто отойдите в сторону, чтобы не попадаться ему на глаза.
Аркан предупреждает гадающего о том, что может повстречаться неискренний человек, который поступит нечестно по отношению к нему. С какой стороны ожидать предательства и обмана подскажут стоящие рядом знаки.

Такой лживый обманщик может стать серьезной помехой в карьере, соперником в любовных отношениях. На кону может быть и ваша репутация, возможно, вас несправедливо и незаслуженно опорочат, из-за чего возникнет грандиозный скандал. В конечном итоге гадающий не всегда сможет доказать свою непорочность."
37,Королева Кубков,Queen of Cups,"Королева Кубков символизирует успех в задуманных делах при помощи гениальной интуиции. В жизни человека, которому выпала эта карта, вообще есть ощущение постоянного предчувствия, словно дар ясновидения.

Кроме того, гадающий предпочитает полагаться именно на воображение, а не доводы разума, частенько создается впечатление, будто такой человек не от мира сего. Он постоянно находится в своих мыслях и мечтаниях.

Указывает карта на нужду в близком человеке либо улучшение отношений с партнером, с которым потеряна духовная связь. У гадающего может появиться склонность к самопожертвованию, самоанализу. Потребуется кто-то из окружения, кто сможет дать мудрый совет, оказать посильную помощь.","Когда человек очень сильно чего-то хочет, он принимает желаемое за действительное. От этой страшной ошибки предостерегает выпавшая Королева Кубков. Учитывая склонность человека находиться в мире мечтаний, такое явление будет очень опасным.

У гадающего может поменяться настроение, ведь перевернутая карта являет образ своенравного и жестокого человека. Возможно,появление склонности все преувеличивать либо, наоборот, недооценивать.

Вокруг персоны, которая делает расклад, за спиной плетутся интриги, не смолкают сплетни. Либо сама персона любитель позлословить. На бытовом уровне может внезапно объявиться плохая новость, которая принесет с собой одиночество и слезы. Есть вероятность, что в окружении, к которому принадлежит гадающий человек, будет скандал, портящий его репутацию."
38,Рыцарь Кубков,Knight of Cups,"Какими качествами обладает рыцарь? Конечно же, романтичность, сердечность, целеустремленность. Если расклад делается на характер человека, именно эти качества будут описывать его натуру. Он верен своим принципам и идеалам, всегда следует за мечтой, очень чуток и тактичен.

В жизни это человек уже взрослый, но не зрелый и не умудренный житейским опытом. Он очень талантлив, может предаваться горячо любимому делу со всем энтузиазмом. У него есть своя система ценностей и собственное представление о нормах морали.","С негативной стороны карта может указывать на излишнюю мечтательность и наивность. Есть кто-то в окружении, который неискренен перед гадающим, может оказаться мошенником. В раскладе символизирует бесперспективность.

С чем именно человек будет иметь дело, объяснят соседние карты. Это может быть попытка прыгнуть выше головы, то есть с объективной точки зрения идти на такое - изначально глупый поступок. Проблема может возникнуть и из-за того, что гадающий не желает разбираться в тонкостях задачи, что приводит к полному провалу."
39,Паж Кубков,Page of Cups,"Аркан наделен тихой радостью, романтикой, мечтой и грезами. Карта несет эмоциональную нагрузку и является символом любви. При раскладе стоит ожидать любовного послания, известия о свадьбе, возможно, придет информация о беременности или рождении ребенка.

С этой картой человек решится сделать шаг первым для примирения или воссоединения.В основном, эта карта выпадает молодому человеку (парню или девушке), которые имеют богатую душу, чувственность и способны на сильные эмоции.

Может быть, человек займется каким-то новым делом, которое окажется весьма перспективным. Если человек будет испытывать переживания, то они будут связаны исключительно с новыми знакомствами и свежими чувствами.
Произойдет встреча с человеком, который сыграет важную роль в его жизни. Он поможет в делах, причем сделает это не в службу, а в дружбу. Карта символизирует любовь, радость, добросердечность, дружеский жест, творческие замыслы и задумки.","Под воздействием перевернутой карты, человек становится рассеянным, его надежды необоснованные. Если между людьми происходит перемирие, то как правило, оно временное. Человек, которому выпадает этот Аркан, инфантильная личность, его эмоции доминируют над разумом.

Часто эту карту ассоциируют с маленьким мыльным пузырем, который с легкостью улетучивается. Человек испытывает неглубокие чувства, поэтому туман скоро рассеется, и все вскоре изменится. Человек может быть неуверенным в себе, из-за этого способен даже «зарывать свой талант». Он может отказываться от примирения, не захочет выходить на контакт, и даже отвергнет признания.

Карта говорит о разрыве отношений, отозванном приглашении, переносе свидания, потере невинности, утрате доверия. Человек может с легкостью подвергнуться чужому влиянию и рискует быть использованным. Его мечты нереалистичные, хотя он продолжает в них верить."
40,Десятка Кубков,Ten of Cups,"Десятка кубков символизирует счастливую и гармоничную семейную жизнь. Счастье будет продолжительным, принесет массу положительных эмоций. Человек, делающий расклад, добьется многого в духовной сфере, отчего испытает неописуемую радость. Все дела будут благополучно завершены. Карта может предзнаменовать начало какого-то нового этапа в жизни, что принесет с собой душевное спокойствие и гармонию.

Гадающий открыт сейчас к общению как никогда, он испытывает позитивные чувства при любом виде взаимодействия с людьми. Возможно, кто-то окажет помощь, которая сильно повлияет на решение важного вопроса. Вследствие этого вас переполнит чувство благодарности.

Есть вероятность, что в работе все будет удачно, скорее всего, ждет профессиональный рост. Кроме того, начнется пора активных знакомств, которые являют собой полезные связи. В ближайшее время, словно по мановению волшебной палочки, мечты начнут исполняться. Успех будет преследовать по пятам, поделитесь им с окружающими. Таким образом, вы будете чувствовать себя защищенным.

В скором времени, может ждать счастливая пора: возможен брак либо путешествие в страну, где гадающий давно хотел побывать.","Карта связана с успехом и гармонией в семье. Перевернутое положение Аркана являет собой нарушение спокойствия в браке, в общении с родителями или детьми. Часто будут возникать ссоры. Возможно, кто-то из близких вас предаст. Фортуна отворачивается и покидает. Успешное разрешение дел отодвигается на неопределенный период, возможно, его не будет вовсе.

Часто карта символизирует войну бунтующих подростков и родителей. Происходит конфликт интересов, полностью отсутствует взаимопонимание. Особенно тяжело приходится родителю, который воспитывает ребенка самостоятельно.

Иногда Десятка Кубков предзнаменует несерьезное любовное приключение, у которого нет будущего. Он продлится недолго, положительных эмоций будет мало."
41,Девятка Кубков,Nine of Cups,"Если в раскладе выпадает эта карта, то в будущем ожидает успех в материальном плане, хороший достаток. Наступает светлая полоса, эмоциональное удовольствие, а также интеллектуальное. Здоровью не угрожают никакие проблемы. Любые цели, которые намечаются, могут воплотиться в жизнь.

В целом, наступающий период очень хорош для любых начинаний, исполнения желаний. Скоро ожидает череда приятных событий. Компания, с которой проходят дружеские посиделки, будет весела и беззаботна. С ней вы вспомните лучшие годы свой жизни. Что касается карьеры, то на работе коллектив очень надежный, отзывчивый.

В личных отношениях наступит полная гармония и взаимопонимание с партнером, возможен долгожданный брак или рождение желанного ребенка. Будьте более снисходительны к себе, однако остерегайтесь излишеств. Проводите время с людьми, у которых отличное чувство юмора. Они научат наслаждаться жизнью.","Не следует злоупотреблять продуктами питания или напитками (особенно алкогольными), такое поведение обязательно приведет к проблемам со здоровьем. Наступает период затишья, когда достигнуть цели тяжело, решение проблемы уже близко, но постоянно что-то мешает завершить процесс до конца. Проявите терпение, фортуна обязательно будет благосклонна, но не сейчас.

Карта может свидетельствовать о том, что в скором времени гадающий человек чего-то лишится, его ждет жестокое разочарование, ведущее к страданиям и упадку духа. В душе образуется пустота, которую захочется наполнить вредными привычками. Аркан предостерегает от такого поведения, необходимо просто пережить этот период жизни, это неуважительно по отношению к своему телу, которое повлечет опасные проблемы со здоровьем.

Окружающих может отталкивать тот факт, что человек, делающий расклад, излишне сосредоточен на своих проблемах и делах. У него не остается времени на семью и друзей, он замыкается в себе. Девятка Кубков в перевернутой позиции является знаком жадности, жестокости, тщеславия."
42,Восьмерка Кубков,Eight of Cups,"Выпадает карта, как правило, человеку, который ищет по жизни все больше новых благ, при этом они все у него перед носом. Часто карта символизирует отказ от мирского вследствие разочарования, переходного периода. В итоге начинается поиск духовного пути.

Восьмерка Кубков дает совет искать новые ощущение и возможности, оставив в прошлом людей и вещи, которые вызывают отвращение к жизни, стали рутинными. Поиск всегда создает чувство неуверенности в завтрашнем дне, но это адекватная реакция, вы на правильном пути. Указывая на отношения, Аркан дает понять, что партнер не идеален.

Если в жизни происходит полная катастрофа, Восьмерка Кубков говорит, что беды покинут через лунный месяц. Тогда все наладится. Помочь решить проблемы сможет некая светловолосая девушка или женщина. Это не обязательно будет родственник или старый друг, возможно, новая знакомая. Следует быть скромнее, перестаньте лгать людям, таким образом, вы сами впутываете себя в неприятные ситуации, для которых придется искать выход.

Иногда Восьмерка Кубков предзнаменует путешествие либо переезд в другой город или даже страну. Есть вероятность, что человек больше не получает морального удовлетворения, находясь в семье, ему это не нужно. Материальные блага – вот, что заполняет все его мысли и мечты.","Карта в перевернутом положении – символ совершенной ошибки, когда гадающий все бросил ради бессмысленного поиска смысла жизни. У человека яркое ощущение того, что он живет не своей жизнью. Либо это явный символ отказа от всего духовного в пользу получения мирских удовольствий.

Часто Аркан предзнаменует появление новой любви и отношений. Задания, которые были намечены, увенчаются успехом, что создаст чувство удовлетворенности. Противоположный пол начнет неожиданно активно проявлять знаки внимания. Выпадение карты – сигнал к поиску партнера, сама судьба посылает множество вариантов.

Трудные кризисные времена подходят к финальной черте. На этом этапе многие совершают ошибку, останавливаясь на достигнутом. Так вы не сможете расти как личность. Не цепляйтесь за прошлое, ничем хорошим это не кончится. Отпустите от себя воспоминания, особенно плохие. Наступают времена праздничных дней."
43,Семерка Кубков,Seven of Cups,"Основное значение карты заключается в том, что каждый выбор, над которым гадающий раздумывает, уже предопределен судьбой, то есть сам факт выбора – иллюзия, обман. Кроме того, карта может трактоваться и как ошибочный выбор, который не несет ничего хорошего в себе. Указывает Аркан в некоторых случаях и на то, что вариантов слишком много, сложно определиться, прийти к единственно верному решению.

Семерка Кубков иногда является символом человека, который живет мечтами, не желая находится в реальности. Особенно этим грешат влюбленные женщины, они идеализируют партнера, не желая замечать очевидные плохие черты его характера. Тогда карта предзнаменует событие, которое вернет в реальность, принесет разочарования. Аркан может предостерегать гадающего об обмане, проблемах со здоровьем на фоне злоупотребления спиртными напитками или даже наркотиками.

Иногда Семерка Кубков – знак помощи и поддержи близких, когда это действительно необходимо на пути к достижению цели. Помощь нельзя отвергать, иначе благоприятного исхода можно не ожидать.","В такой позиции Аркан также трактуется как ошибочный выбор, но повлекший за собой осложнения и дополнительные проблемы, решение которых также предстоит найти. Семерка Кубков в таком положении символизирует человека, который находится в реальном мире, ему предстоит решать задачи и достигать поставленных целей.

Если расклад получился негативным, то карта является знаком разочарования и упущенных возможностей, которые могли поднять жизнь гадающего на новый уровень. Есть вероятность того, что возможности не использованы из-за страха успеха.
Тот, кто делает расклад, просто не поймет, как вести себя в ситуации, когда судьба сменит гнев на милость, щедро одарив удачей в делах. Аркан в некоторых случаях обозначает верный выбор, который повлечет удачу во всех делах."
44,Шестерка Кубков,Six of Cups,"Аркан означает внутреннюю гармонию, великодушие и щедрость. В действительности, карта отвечает за позитивное проявление. Можно считать, что все невзгоды уже в прошлом, а теперь только благополучие. Как только трудности отступили, человек вновь начинает мечтать и строить планы, довольствуется спокойствием и успехами своих трудов.

Человек стремится не к новизне, как это многим может показаться, просто он возродился к новой жизни после непростых обстоятельств. Он полностью удовлетворен своей судьбой, его все устраивает. Он занимается самосовершенствованием, реализует уже давно забытые планы и желания. Многое у него получается без особых усилий, с гармонией и подъемом.

Стоит надеяться на самые позитивное развитие событий, когда все будет складываться благополучно: человек добьется не только своей цели, но и обретет личное счастье. Ему повезет в делах, проектах и любви.","Человек уйдет от ответственности. Если он еще проживает с родителями, это может быть связано с бегством из родительского дома. Страхи под влиянием этого Аркана также присутствуют в душе человека, которые он пытается всячески забыть. И это может быть связано с насилием и жестоким обращением родителей. Он как бы стремится к будущему, но его цель – забыть о прошлом, ему хочется вычеркнуть его из своей памяти.

Шестерка кубков свидетельствует о новых возможностях и грядущих событиях. У человека расширяется мировоззрение, обновляется круг общения, появляются новые знания. Если он уже создал свою семью, то как бы сбежал от изначальной среды, покинул свое тяжелое детство и воспоминания. Он отвернулся от прошлого, чтобы жить по-другому.

Карта подразумевает такие понятия, как цинизм и агрессия в характере человека, которые могли быть вызваны пережитым унижением."
45,Пятерка Кубков,Five of Cups,"Аркан говорит о разочаровании, неожиданных неприятностях, меланхолии, печали, боли, скорби об утраченном. Возможно, у человека произойдет состояние сожаления из-за того, что его мечты и желания не осуществились, хотя он так на это рассчитывал.

С другой стороны чувство разочарования может появиться по поводу разлуки с чем-то очень важным и значимым. У человека проявляются разрушительные эмоции, эмоциональный кризис, депрессия, любовные страдания и гнев. Перед человеком открывается трудный промежуток времени, хотя и обещает светлую полосу. Но только в том случае, если человек сможет справиться со своими проблемами, а не будет пассивно страдать над ними.

Если без конца предаваться своим проблемам, то они никуда не уйдут, или навязчиво будут сопровождать его долгое время. А ведь он в состоянии справиться со своими неудачами и трудностями, если сам того пожелает. Человек полностью способен погрузиться в свои депрессивные мысли, отчего сам создает себе еще больше проблем.","У человека появляется уникальная возможность вернуться немного назад, все переосмыслить и взглянуть по-другому на ситуацию, которая уже когда-то в его жизни произошла. Самое неприятное, что несет эта карта – человек отрицает свои проблемы и лжет о своем благополучии.

Есть и приятные моменты Пятерки Кубков в перевернутом виде – перемирие с близкими людьми, приезд или возвращение откуда-нибудь лучшего друга, и просто какие-то важные известия издалека. Человеку также можно рассчитывать на материальную поддержку от друзей, они с удовольствием примут участие в его жизни. И если человек скрывает свои проблемы, то лишается такой хорошей поддержки и выручки, которую ему дарит перевернутый Аркан.

Не стоит отказываться от подарков судьбы, когда они сами идут в руки. Если и дальше продолжать обманывать окружающих, то проблем от этого меньше не станет, а только наоборот."
46,Четверка Кубков,Four of Cups,"Человек, которому выпал в раскладе такой Аркан, упускает большие возможности в своей жизни. Это происходит по причине того, что он слишком эгоистичен, заносчив, горд, считая себя излишне умным. Он обижен на многих людей, недоволен собой, что выражается в постоянном процессе самоанализа. Это создает большое количество комплексов и страхов.

Мотивация к чему-либо полностью отсутствует, самооценка опускается ниже критической отметки. Это может произойти из-за критики близкого человека, уязвленного самомнения и самолюбия. Такое поведение приводит в полной апатии ко всему, замкнутости и отрешенности, краху в любовных отношениях.

Четверка Кубков предупреждает гадающего человека о том, что нужно взять себя в руки, перестать ныть по поводу и без, чтобы не пропускать более подачек от судьбы.","Жизненные аспекты при перевернутой карте могут быть как хорошими, так и полностью неудачными для человека, делающего расклад. Аркан может указывать на упущенный шанс, который больше никогда не будет получен. Из-за этого начнется жалость к самому себе, депрессивные состояния.

Однако в некоторых случаях Четверка Кубков предзнаменует новые знакомства, даже любовные отношения, которые могут увенчаться успехом. Может необоснованно появиться мотивация к работе, возникнут новые амбиции."
47,Тройка Кубков,Three of Cups,"Карта символизирует, как правило, время радости, праздника. В любовных и дружеских отношениях будет полное взаимопонимание между партнерами. Все запланированные дела увенчаются успехом. Аркан дает подсказку гадающему человеку, что сейчас наступает благоприятное время, чтобы восстановить отношения со старыми друзьями, родственниками, ведь наступает светлая полоса в жизни.

Однако фортуна улыбнется гадающему только в духовном плане, не ожидайте повышения доходов. Но если в жизнь приходит успех, он коснется не только вас, но и самых близких и дорогих людей, их дела тоже наладятся. Следует помнить, что не бывает успеха без риска. Тройка Кубков выпадает перед важными событиями: свадьба, пополнение в семье.","Перевернутый Аркан предостерегает, что не следует в ближайшее время ожидать чего-то доброго и светлого, не все запланированные дела сбудутся. Они могут перенестись на более позднее время, могут отмениться совсем. Исполнению дел могут помешать абсолютно разные (даже совершенно абсурдные) причины.

Выпадает карта и в том случае, когда былые радости не приносят в настоящий момент жизни ничего кроме разочарования и страданий. Гадающий может скрывать от мира и самого себя свой огромный творческий потенциал.

Указывает Тройка Кубков и на неудачный роман, измену партнеру. Роман на стороне произойдет из-за эгоистичных позывов, что приведет к жалости по отношению к себе. Карта символизирует проблемы с деньгами, бесплодие, подлость со стороны человека, который гадающему знаком."
48,Двойка Кубков,Two of Cups,"Аркан свидетельствует о взаимной симпатии, перспективных связях, успешном сотрудничестве, мире, который наконец-то случается после длительных ссор и размолвок. Обязательно в жизни человека произойдут радостные события и встречи.

Карту считают положительной, так как она несет становление отношений, в которых могут быть задействованы как давние знакомые, так и новый круг общения.

В отношениях двух людей наступил период, когда обиды и амбиции нужно убрать в сторону, и уделить время своей семье и семейным ценностям. У человека будут намечаться перспективы, направления развития и талантов. Он даже сможет проявить свои новые никому еще не поведанные качества.

Многие неприятности с этой картой будут позади, ведь наступило время белой полосы. А значит, можно рассчитывать на успешное и результативное начало новых дел. Можно заниматься тем, чем хочется, и удача улыбнется.","Несмотря на перевернутую карту, не нужно думать, что она несет негатив. Возможно, и будут временные трудности, но в целом она вовсе не теряет своего позитивного значения полностью. Будут отсрочки, будут некоторые затруднительные ситуации, но все это будет разрешимым обстоятельством. Хуже другое, что под воздействием этого Аркана, человек становится ревнивым и подозревает своего партнера в предательстве, неверности (даже если это не так на самом деле).

В отношениях происходит заметная несогласованность, человек не уверен в искренности и порядочности любимого человека. В коллективных делах он недоволен действиями своих коллег, как впрочем, и своими в том числе. Он не идет навстречу другим людям и раздражительно реагирует на их недостатки.

Не исключено, что под воздействием Аркана человека ожидает разлука. Кроме того, он столкнется с трудностями, которые будут нести драматический характер."
49,Туз Кубков,Ace of Cups,"Туз Кубков – это знак внутренней энергии, открытости души ко всему новому, душевной гармонии и комфорта. Одним словом можно сказать, что это карта блаженства. Выпадающий в раскладе такой Аркан указывает на то, что счастье стоит у дверей гадающего. Это светлый луч, появляющийся в темной душе, он выдворяет оттуда всю печаль, уныние, злость, страхи.

На бытовом уровне Туз Кубков выпадает, когда ожидаются какие-то перемены в рутинной жизни. Те, которых очень ждут. Это вечеринка, застолье, свадьба лучшего друга, где удастся хорошо погулять. Это внезапно объявившийся хороший, но старый друг, который решил наладить связь.","Туз Кубков в перевернутом виде выпадает в том случае, когда судьбоносные встречи, возможности и любые блага будут отстрочены, в лучшем случае. А при худшем раскладе и вовсе пройдут мимо гадающего. Все, на что вы надеетесь – тщетно и бессмысленно. Ожидание чего-то светлого и хорошего принесет в итоге разочарование и моральную опустошенность.

Аркан указывает на то, что все возможности, которые в ближайшее время встретятся на жизненном пути, ни к чему не приведут, либо гадающий не сможет ими воспользоваться в полной мере. В повседневной жизни карта символизирует перепады настроения, раздражительность или апатию.

Возможно, настанет пора одиночества, которая повлечет за собой бурю эмоций и чувств в душе, самоанализ. Худший вариант – депрессия, склонность к наркотикам и алкоголю, когда человек искусственным путем пытается поднять себе настроение."
50,Король Мечей,King of Swords,"Король мечей говорит о высоком уровне интеллекта, объективности, разносторонности, гибком рациональном подходе к жизни. У человека под влиянием этого Аркана много интересов, он проницательная и разумная личность.

Как правило, карта выпадает авторитетному человеку, к которому многие люди обращаются за советом. И человек, действительно, способен дать мудрый совет, рекомендацию, подсказку, так как обладает недюжинным умом советчика и огромным жизненным опытом.

Карта имеет хорошее значение и правильно выбранную стратегию. Человек – целеустремленный, способный преодолевать многие препятствия. Он будет отличаться своими лидерскими качествами, а деньги, буквально, будут липнуть к рукам. Он – лидер, который сумел завоевать себе авторитет. И меч, который он имеет в руке – это не просто какой-то символ, это – оружие. Человек, которому выпал, Аркан осознает свою власть и лидерство.","Под воздействием перевернутой карты Короля мечей, человек становится хитрым, холодным циником. Он способен перешагнуть через что угодно ради собственных принципов, которые ему кажутся правильными и полезными.

Аркан связан с интригами, обманом и запугиванием. Кроме того, перевернутый Король мечей часто ассоциируют с несправедливостью (кого-то обидели или совершили насилие). Человек становится конфликтным и жестоким, он противостоит всему миру.
Кроме того, Аркан указывает человеку на то, что еще не настало время для активных действий, нет конкретной задачи. В перевернутом положении человек становится очень осмотрительным и боязливым. Мыслит он неправильно, его расчеты ошибочные, а эмоции наполнены истерикой и гневом. Человек ведет себя коварно, недобросовестно, беспринципно, злобно и жестоко."
51,Королева Мечей,Queen of Swords,"Королева мечей свидетельствует о независимой индивидуальности, у которой много мыслей и идей. Речь идет о сообразительном и прогрессивном человеке, обладающим аналитическим умом. За этой картой скрывается личность 30-45 лет, но бывают и исключения, это может быть человек значительно моложе этого возраста. А если карта выпала молодой персоне, это означает то, что она мудрая и умная не по годам.

Под воздействием Аркана человек не способен прислушиваться к собственной интуиции и внутреннему голосу. В его характере отсутствует доброта, милосердие, так как он следует рациональному подходу в жизни. Но, тем не менее, ему это не мешает добиваться своих целей, триумфа, идеалов.

При выпадении этой карты в раскладе, можно готовиться к трудным переговорам и конфликтам. Не будет легкого достижения результатов, но будут разумные действия и решения тех или иных вопросов. Человеку с Королевой мечей свойственно двигаться вперед, но в рамках каких-либо запретов и в соответствии с принятыми правилами.","Под воздействием перевернутой карты Королевы мечей, человек не способен правильно использовать свой интеллект. Можно сказать о том, что человек не глупый, но он не по назначению использует свои умственные способности. Он человек мстительный, мелочный, нетерпеливый, и стремится манипулировать другими людьми. Свой ум он использует не в мирных целях, это очевидно.Карта несет неприятные новости и отсутствие перспектив, неприятности с законом.

Даже может случиться так, что под воздействием Королевы мечей, любовь человека превратится в сущую ненависть. У него становится невыносимо тяжелый характер, узкое мышление, разрушительное озлобленное поведение. Он теряет контроль над ситуацией, так как стремится все контролировать, не исключены и потери. Разум получает ложную информацию, и человек становится рассеянным и обессиленным. Он умеет притворяться, готов пойти на месть и вероломство, коварство и преступность. Он даже словами способен «убить» человека, потому что они достаточно злобные и разрушительные."
52,Рыцарь Мечей,Knight of Swords,"Рыцарь мечей гласит об ораторстве человека, его интеллектуальных способностях, независимом и хитром характере. Человека с этим Арканом можно назвать технократом и циником, которыйспособен быть коварным, в чем-то легкомысленным. Нельзя назвать эту карту простой, у нее достаточно много аспектов.

Аркан связан с большим потенциалом, который истолкован как бунт, несогласие, противостояние чему-либо. Человек не пытается зарекомендовать себя, сделать себе имидж. И возможно, это проявляется из-за его эгоистичного характера, несмотря на то, что сам он пытается использовать свою энергию в мирных целях. Он наделен прекрасными умственными способностями, любить анализировать ситуацию и отстаивать свою точку зрения, напористый и вспыльчивый.

Под воздействием этого Аркана, очень стремительно развиваются стрессовые ситуации, превратности судьбы. Человек может просто загореться своими идеями так сильно, что переубедить его в обратном, невозможно.","Под воздействием перевернутой карты Рыцаря мечей, человек становится агрессивным, теряет остатки благоразумия. Если существует между людьми какая-то ссора, то она может перерасти в драку. А если человек кого-то недолюбливает, то способен не только распространять о нем неприятные сплетни, но и довести его до депрессии.

Невозможно с перевернутым Рыцарем мечей добиться желаемого результата, особенно в состоянии напора и агрессии. В жизни человека произойдет большой кризис, он будет неспособным и несостоятельным. Ему будут свойственны такие понятия, как опрометчивость и неосторожность, он будет совершать глупые, а порой и тупые поступки, совершать ошибочные ходы. Он до конца не понимает на чьей он стороне, проявляет свою слабость и нерешительность. Он избыточно соперничает со своими врагами и завидует тем людям, у которых есть последователи."
53,Паж Мечей,Page of Swords,"Карта характеризуется недвусмысленным указанием на обновление, недюжинный уми провокацию. Карта имеет разное значение, но есть и то, что объединяет каждого.

Когда выпадает этот Аркан, то можно судить о неординарной личности со значительным потенциалом. Речь может идти о человеке с непростым характером, и это, несомненно, выделяет его среди других людей. А еще карта может нести и более негативный характер, где человек и без того в непростой ситуации, пытается все усложнить, усугубить.

В более серьезных обстоятельствах он включает свое ребячество, вместо серьезных действий. Карта характеризует молодого человека, в основном женского пола, которая обладает аналитическим умом, весьма сообразительна, энергична и эмоциональна.","Под воздействием этой карты человек ссорится практически на пустом месте, ведет себя вздорно и мелочно. Ожидаются неприятные известия или события, которые не дадут сбыться уже намеченным планам.

Однако, эти неприятности будут скоротечными и незначительными, а значит, какие-то долгосрочные серьезные проблемы не предвидятся. Он может быть самонадеянным, вспыльчивым в зависимости от ситуаций.

Очень важно, чтобы человек проявлял осторожность в своих высказываниях, особенно если они касаются влиятельных людей, руководства. У некоторых сотрудников могут оказаться слишком «большие уши», и собственный язык принес вам массу неприятностей и проблем.

Перевернутая карта говорит о хитрых проделках, препятствиях в делах. Человек может утратить свою бдительность, неправильно поймет сказанные слова. Он способен высмеивать близкого себе человека и причинять ему боль, при том, что его самого никто не любит."
54,Десятка Мечей,Ten of Swords,"С десяткой мечей речь идет о бесконтрольном завершение каких-либо дел. Это могут быть неожиданные и деструктивные ситуации с крахом, распадом, развалом. И это не просто трудностив жизни человека, это полный тупик и безнадежность.

Неслучайно эту карту Таро называют самой страшной. Если другие Арканы подразумевают временные неудачи, которые со временем можно пережить, побороть, преодолеть, то с Десяткой мечей все безрезультатно.
Ожидается полный провал, как в отношениях, так и в бизнесе. Гадающий человек пройдет через боль и опустошение. Удача отвернется от него, а неудачи усугубятся еще сильнее. Если человеку придется с кем-то или с чем-то расстаться, он испытает трагическую боль потери.

Положительный момент принесет эта карта в том случае, если будет свидетельствовать о завершении тяжелого периода, а пока она связана с горем, слезами, болью, страданиями, отчаянием и печалью.","Перевернутый аркан говорит о сложном проблемном периоде, завершение которого обусловлено черной полосой. Такая карта не несет человеку успеха и благополучия, скорее наоборот удачанапрочь отсутствует в его жизни. И даже если карта не имеет тупикового значения, она также не радует положительными результатами. А если они и случаются, то слишком дорогой ценой.

Чтобы добиться желаемого результата, придется пожертвовать чем-то очень ценным. Неудивительно, если человеку понадобится время для реабилитации, чтобы вернуть себя к нормальному ритму жизни.
В перевернутом положении карта принесет огорчения и разочарования, а радует только одно, что они последние. А значит, стоит ожидать в жизни светлую полосу. Правда, ни о каких положительных результатах нет и речи, присутствуют преграды и ограничения, не предвидится движения вперед.

Девятку мечей называют обнадеживающим арканом, и часто ассоциируют с радостью после борьбы с тяжелым заболеванием. Это тот момент, когда человек полон сил, и готов на многое после выздоровления. Здесь главное не переоценить свои силы, может случиться рецидив, и тогда есть риск, что состояние ухудшится."
55,Девятка мечей,Nine of Swords,"Аркан характеризуется тревогами, напастями, паникой и чувством вины. Причиной всех проблем, которые происходят в жизни человека, является в первую очередь его бессилие перед неудачами. Но его также нельзя упрекать в том, что его страхи и переживания беспочвенны. Но среди более серьезных проблем также могут возникнуть и незначительные трудности, на которые действительно не стоит обращать внимания.

Случатся неприятности, но не нужно забывать о том, что некоторые из них уже в прошлом. Человека будут мучить дурные предчувствия, которые твердо осели в его подсознании.
Кроме этого, человек будет испытывать чувство стыда за свои поступки и деяния. Конечно же, в буквальном смысле, карта не несет угрозы, но в психологическом плане человеку будет очень тяжело. Он будет испытывать чувство страха и тревоги, грусти и тоски. В его жизни могут появиться враги, хотя из-за своих поступков он и сам себе является врагом. Он боится своих проблем, и прячет голову в песок.","Перевернутая карта говорит о том, что нет повода для беспокойств, грядут перемены к лучшему. У человека появляется возможность – вновь научиться мечтать.

Совсем положительной эту карту не назовешь, все проблемы, которые имеются на данном этапе, требуют логического завершения. Поэтому говорить о полной безоблачности, конечно же, не приходится. Человек будет выполнять тяжелую работу, не исключены: утрата, клевета, ограничения в чем-либо.

Перевернутая Девятка мечей может свидетельствовать о кошмарных снах, у человека испорчено настроение, он чаще пребывает в грусти и печали. Подавленное и печальное настроение может быть связано и с тем, что с человеком нет рядом близких, в поддержке которых он очень нуждается."
56,Восьмерка Мечей,Eight of Swords,"Аркан характеризует человека его непостоянством, какими-то сомнениями. Восьмерка мечей означает и внешние, и внутренние факторы, которые свидетельствуют о проблеме. Это могут быть объективные недоразумения и те, которые исходят от самого человека.

Карта может говорить о каком-то затруднительном положении, беспомощности, капризности, ограничениях, тернистом пути к своей цели, загнанности в тупик. Получается значений у карты много. Ее также стоит воспринимать, как предупреждение о том, что грядут непредвиденные обстоятельства, которых избежать не удастся.

Человек под воздействием этого Аркана не свободен и зависим от обстоятельств. Он лишил себя свободы, и готов подчиняться чьим-то правилам и требованиям, расплачиваясь за свои ошибки, признавая и искупая свою вину. Он достаточно мудрая личность, поэтому к своим проблемам может отнестись по-философски.","Есть такое высказывание: «Ложка дегтя в бочке меда». Так вот перевернутая карта Восьмерка мечей – это ложка меда в большой бочке дегтя. Получается, что человек видит немного позитива в огромной массе негатива. Это может быть связано с предательством в прошлом, трудностями, тяжелой работой, депрессией и непредвиденными ситуациями. Но есть, конечно, и светлые стороны, которые дают человеку надежду.

В период полной беспомощности и безысходности, он может рассчитывать на завершение таких вот ограничений. И даже несмотря на то, что позитивные перемены не решат всех проблем, можно хотя бы рассчитывать на то, что некоторые из них уже остаются в прошлом. И благодаря этому, человек начинает верить в себя, свой успех.

Проблемы, которые казались столь глобальными, на самом деле не так страшны. Вместе с тем, появляется свобода действий, страха больше нет, а все ограничения близятся к завершению."
57,Семерка Мечей,Seven of Swords,"Семерка мечей имеет много значений, и в этом противоречивость данного аркана. Проблемы и сложности, которые окружаю гадающего, просто так не решить. Необходима сильная поддержка сильных покровителей.

Не стоит искать пути достижения своих целей, при этом посягая на чужое имущество. Карта выпадает людям с негативной энергетикой, способным совершать плохие поступки.

Может оказаться и так, что гадающего ждет обман или кража, поэтому карта советует быть осторожным.","Аркан говорит о том, что гадающий ленив, нерешителен, труслив, и с трудом принимает решения. Он настроен пессимистично к жизни, и не желает ничего менять. Такой человек никогда не доводит дела до конца, бросая все на половину пути.

Карта может выпасть не очень образованным людям, которые могут быть склонны к правонарушениям. Как правило, это - преступники, которым не удаётся завершить свои темные дела, и их ловят на горячем."
58,Шестерка Мечей,Six of Swords,"Шестерка мечей говорит о том, что наступило время перемен. Гадающий человек хочет изменить свою жизнь, но боится всего нового, так как является консерватором по натуре. Придётся заниматься какими-то хлопотами.

Не исключено, что гадающий человек увлечется одним из религиозных течений. Тогда его жизненные ценности станут абсолютно другими, и изменится его окружение. Период адаптации пройдёт успешно. В новой обстановке для него начнётся период счастливых событий. Ему будут помогать даже незнакомые люди.","Шестерка мечей характерна для тех людей, которые всё привыкли делать не спеша. Их нельзя назвать лёгкими на подъём. Как только намечается тревожное событие, такие личности начинают теряться. Им очень сложно, так как им трудно оставить в прошлом проблемы и идти дальше по жизни.

Сомнения и переживания, боязнь вновь повторить ошибку мешают им плыть по течению жизни. Окружающие должны постоянно оказывать им помощь, подпитывать положительной энергетикой."
59,Пятерка Мечей,Five of Swords,"Пятерка мечей несёт крайне негативное значение. Основные значения: тревога, подлость, страх, унижение, потеря, крах планов. У человека в жизни - чёрная полоса, ему не везёт ни в чём.

Стрессы, слёзы, конфликты способствуют тому, что ему кажется, что просвета в улучшении ситуации никогда не будет. Он в отчаянии, ему кажется, что весь мир вступил с ним в противоборство.","В перевернутом положении, карта, по-прежнему не несет ничего хорошего. Только здесь чувства человека могут быть связаны с трауром. Или сам гадающий может погибнуть, или ему придётся побывать на похоронах близкого человека. Глубокое горе, отчаяние, угрызения совести от своих поступков в прошлом - вот что ждёт гадающего.

Одним словом, карта очень трагична. Человек страдает очень сильно, и близкие люди и друзья не в состоянии помочь в решении его проблем. Кажется нереальным, что неприятностей сразу так много случается с одним человеком сразу."
60,Четверка Мечей,Four of Swords,"Четвёрка мечей указывает на то, что гадающий человек отгородился от окружающих. Ему не хочется никого видеть, все валится из рук, в делах застой. Главное не уходить в себя, ведь это может обернуться глубокими душевными расстройствами. Надо попросить помощи у тех, кто рядом, и она будет оказана. Стабилизировать душевное состояние поможет посещение святых мест.

Возможно, гадающий человек на данный момент болен. Скорейшее выздоровление ждёт его в ближайшее время, и тогда вернётся и оптимистичный настрой.
Еще одна трактовка аркана говорит о том, что гадающий совершил неблаговидный поступок, или наоборот, какое-то доброе дело. Аркан чаще всего выпадает трудоголикам. Они работают больше других, поэтому, буквально, валятся с ног, и совершают ошибки на работе. Отдых - вот что, в первую очередь, нужно гадающему сейчас.","Развитие, прогресс, движение - вот что говорит перевернутая четвёрка мечей. Нельзя утверждать, что карта несёт абсолютно положительную трактовку, так как внезапные перемены могут выбить из колеи любого человека.

Возможно, сейчас идет период восстановления после длительной болезни. У гадающего человека может появиться бессонница.

Не стоит с большим энтузиазмом бросаться в работу после длительного перерыва. Всё надо делать постепенно. Карта говорит о том, что гадающий слишком скуп в своём желании экономить деньги.
Карта говорит, что скоро появится личность, которую в обществе люди стараются избегать. Может, гадающего ждёт встреча с тем, кто склонен к правонарушениям."
61,Тройка Мечей,Three of Swords,"Тройка мечей символизирует боль, слёзы, горе, потерю близкого человека, тревоги, разочарования, что может вызвать сильную депрессию. Возможно, что гадающего человека бросили, и он находится в состоянии апатии.

Постоянные неудачи выбили его из нормального жизненного цикла. Он раздражён, постоянно ссорится с окружающими. У него могут быть проблемы с сердцем.","Перевернутый аркан говорит о том, что гадающий человек, мог сам отвергнуть любовь, из-за чего сейчас сильно переживает. Возникают мысли о бренности земного бытия, бессмысленности жизни и т.п. Возможно, в планах гадающего уйти в монастырь. Это скорее всего связано с тем, что энергетический потенциал сведён к нулю.

Нет веры в то, что судьба подарит счастливые события. Жизнь для него потеряла всякий смысл. Окружающие его считают озлобленным и грубым. Просто они не знают причин его поведения. Он делает всё больше ошибок, совершая необдуманные поступки."
62,Двойка Мечей,Two of Swords,"Двойка мечей - это знак того, что человек в силу каких-то причин закрылся от окружающих. Он хочет, чтобы его никто не трогал, в его проблемы никто не вмешивался. Окружающие в данный период раздражают.

Гадающий человек, ищет помощи от других, но и в то же время, ни от кого её принимать не хочет. Карта говорит о таких чертах характера, как: эмоциональность, богатое воображение, застенчивость, сдержанность, доброта.

Таким людям необходима эмоциональная поддержка, поскольку они очень чувствительны и остро реагируют на каждое слово. Обычно, карта символизирует людей, рождённых под покровительством Луны.","Карта в перевернутом положении, несет в себе угрозу. Это может быть обман, неудачная покупка, возможная авария. Следует взвешивать свои слова, а за поступками следить, чтобы избежать неприятных событий. Сейчас надо настроиться на быстрый результат и перемены.

Человеку необходимо прислушаться к внутреннему голосу. Его нерешительность часто вредит ему в жизни, поэтому события развиваются не так, как хотелось бы. Тревоги и сомнения - вот причина всех бед.

Есть риск того, что придётся столкнуться с коварством и предательством. Кто-то из друзей может обмануть. Чувство покоя зыбко. Надо перестать обсуждать других людей и плести интриги."
63,Туз Мечей,Ace of Swords,"Туз мечей – аркан триумфа и победы. Все сомнения оставляйте позади. Внесите во все сферы своей жизни ясность, так жить станет намного легче и веселее, не придется каждодневно ломать голову над всякими мелочами. Можно посвятить это время чему-то большему.

Возможно, у вас родятся новые планы и замыслы, которым суждено осуществиться, если приложить достаточно усилий. Если в данный момент в жизни кризисный момент, карту можно трактовать как исчезновение неприятностей.

Если решились на новое дело, не совершайте необдуманных поступков, действуйте трезво, ясно оценивая каждый свой шаг. Можно воспользоваться собственной властью, но не перебарщивайте. Есть вероятность, что в скором времени появится новый стимул. Делающий расклад избавится от зависимостей, его ждет серьезный разговор, выяснение отношений с партнером. Если отказаться от иллюзий, союз распадется.

Аркан трактуется как свобода, решительность, логика, дисциплина и организованность. Не исключены проблемы со здоровьем, которые возможно решить только хирургическим вмешательством. Обязательно посетите врача, пройдите медицинское обследование. Если сейчас происходит некомфортная и неприятная ситуация, не отчаивайтесь, из нее образуется многообещающий проект.","Туз Мечей в перевернутом положении говорит о том, что проблема, над которой вы сейчас работаете, нерешаема. В ближайшем будущем ожидает расставание с семьей, развод с супругом, и это станет настоящим ударом судьбы.

Предостерегает аркан о проблемах не только с начальством, но и с законом. Это получится в результате несправедливости, злоупотребления власти и либо насилия.
Тот, кто делает расклад, серьезно болен. Возможно, у него травма вследствие ранения. Требуется операция, которая может пройти с осложнениями.

Долгожданная беременность обернется полным разочарованием, ведь произойдет неожиданный разрыв с партнером, с кем были серьезные и длительные отношения."
64,Король Пентаклей,King of Pentacles,"В раскладе на характер трактуется карта как обозначение умной и дружелюбной личности. Он состоялся в жизни, многого достиг, у него богатый жизненный опыт. Такой человек мудр и храбр, решителен даже в самых сложных ситуациях.

Чтобы достичь целей придется быть более практичным и настойчивым, просто так успех не придет. Успех в делах будет только при том условии, если вы сосредоточите на этом все ваше внимание, личные заботы перестанут интересовать.

Прислушивайтесь к собственному подсознанию, карта символизирует отличный инстинкт и чутье. Будьте терпеливы, проблемы, которые сейчас вы пытаетесь преодолеть, скоро закончатся. В жизни появится радость, поделитесь ею с близкими людьми.
Вы отлично сможете работать в одной команде, где вас будут уважать, прислушиваться к мнению, следовать рекомендациям. Гадающий почувствует себя частью одного слаженного механизма, это, несомненно, принесет моральное удовлетворение.

В душе будет чувствоваться теплота и гармония, дружеский союз будет крепок, а супружеский подпитан настоящей любовью, кроме того, физическим удовольствием, страстью. Однако если отсутствует чувство безопасности, вы испытаете ревность.","В раскладе на характер, перевернутый король пентаклей обозначает прагматичного, расчетливого, упрямого, самоуверенного и меркантильного человека. Кроме того, он подлый и бесчувственный.

Возможно, в скором времени вас настигнет чувство тревоги, неуверенности по причине глупого суеверия. Вы будете в полной мере озабочены финансовыми делами, одержимы работой.

Не совершайте нечестных поступков, это пойдет во вред только вам. Аркан может свидетельствовать о том, что в окружении есть подстрекатели. У вас скверная финансовая репутация в обществе."
65,Королева Пентаклей,Queen of Pentacles,"Королева пентаклей говорит о зрелости, опытности, здравомыслии, выносливости, безмятежности, плодородии. А значит, карта имеет позитивную и достойную сторону, и несет положительные моменты.

Кроме того, присутствует стабильность и спокойствие, человек становится терпеливым, чувственным и предусмотрительным. Его труды оценены по достоинству, он умеет находить удовольствия даже в повседневных делах.

Как правило, карта чаще всего выпадает не юной женщине, она много знает и обладает превосходным материнским инстинктом. Она является хорошей хозяйкой, чуткой матерью и заботливой супругой.
Под воздействием этой карты, у женщины праздничное настроение, ей хочется, чтобы все было достойно и прилично, в общем, все как у людей. Она за стабильность и безопасность материальных ценностей. Именно поэтому ей важно иметь не только стабильный доход, но и прочные семейные узы, дом со страховкой в придачу.

Карта подразумевает хлопоты и заботы со всеми его радостями, которые связаны с приятными покупками, хозяйством, ручным трудом, созданием уютной атмосферы, наведением порядка.","С перевернутой картой, гадающий человек не стремится развиваться и совершенствоваться, порой даже опускается. И это может происходить как в глобальной области, так и обыденной.

Возможно, речь идет о некудышной хозяйке, которая много лет назад не умела готовить, да и сейчас особо не отличается кулинарными способностями. Или речь идет о человеке, который боится чего-то нового, он не хочет в этом даже разбираться. Не исключено, что такое поведение может оказаться врожденным.

Непрактичность человека может привести его к утери больших возможностей, а еще хуже если человек в итоге опустится до бедности. Человек постоянно оглядывается, прислушивается к чужому мнению, зависим от людских советов. Как правило, он безответственный, подозрительный, недоверчивый, безалаберный. Ему бывает недостаточно логики и здравого смысла."
66,Рыцарь Пентаклей,Knight of Pentacles,"С картой рыцарь пентаклей, человек ведет себя энергично и напористо. Он умеет концентрировать свое внимание на конкретной цели и даже в чем-то проявляет инициативу. Все эти цели в основном реалистичные и прагматичные. Это тот период жизни, когда человек находится в разгаре своих замыслов и планов. Притом он все делает последовательно и терпеливо, и неудивительно, что добивается хороших результатов.

Карта описывает мужчину средних лет, который занимается производственной деятельностью. Хотя это может быть и молодой человек, который давно определился со своими целями в жизни.

Аркан характеризует человека как дисциплинированную и педантичную личность, которая бывает весьма бескомпромиссной. Рыцарь пентаклей вносит в жизнь человека ответственность, добросовестность, исполнительность, силу воли. И его дорога к успеху проложена благодаря упорному труду и уверенности в собственных силах.

Гадающий человек должен развивать свои способности, у него появляется прекрасная возможность иметь стабильный достаток, увеличить собственное благосостояние, и нести пользу людям, выполняя свое дело.","Перевернутый рыцарь пентаклей показывает замедленность действий. Человек, который делает свое дело, как бы недополучает отдачу. Его может не устраивать результат выполненной работы или желаемый эффект. А причиной тому могут стать: жадность, упрямство, отсутствие удовлетворенного планирования.

Человек не склонен рисковать, даже если риск оправданный. Но ему всегда будет казаться, что все, что он делает – это правильно. В его характере будут проявляться такие черты, как: скупость, черствость, беспечность, недовольство.

В перевернутом положении, человек не пожелает брать на себя ответственность, а может и вовсе утратит интерес к делу. А ведь причиной могут стать - проблемы со здоровьем. Карта указывает на то, что у человека начался период застоя, его тяготит рутина. Он сбился с пути, и просто не знает чего бы смог добиться в том или ином деле.

Не исключено, что эта карта может выпасть закоренелому лентяю, которого не так-то просто «раскачать», чтобы он сдвинулся с места."
67,Паж Пентаклей,Page of Pentacles,"С картой паж пентаклей, человек реализует себя в жизни. К делу он подходит с творческим подходом, ведет себя чувственно и естественно. Благодаря этому человек развивается и растет в профессиональном плане. Карта может свидетельствовать о будущем, которое в скором времени ожидает гадающего человека. Например, это может быть связано хорошим урожаем или с рождением ребенка в будущем, каким-то конкретным результатом (завершенный отчет).

Как правило, карта описывает молодого человека (парня или девушку), который имеет талант к прикладному искусству, способен создавать невероятные произведения искусства. И, несмотря на молодость, в человеке чувствуется, что он мастер своего дела. Он отличается хорошим здоровьем, имеет замечательную систему ценностей. У него очень правильная этика и чувство морали.

Полученная информация будет связана с образованием, работой и доходами. Карта имеет положительное значение и благоприятно влияет на решение повседневных вопросов.","Перевернутый аркан имеет негативную сторону, так как человек под его воздействием пренебрегает духовным развитием, проявляет свою жадность и эгоизм, становится суетливым и расточительным.

Когда просматривается характер человека, то подразумевается его лень, мелочность. Порой он даже совершает нелогичные поступки, бывает слишком расточительным, и не отличается хорошим здоровьем. В зависимости от разных ситуаций у него часто меняется настроение. Такой человек может несерьезно относиться к жизни, даже не пытаясь анализировать проблемы.

Одна из главных проблем такого человека - недоверие, ведь он просто не верит людям, их поступкам и словам. Он не учится на своих ошибках, поэтому упускает шанс, связанный с учебой, рискует потерять материальные блага. В нем заметно проявляется тяга к шикарной жизни за чужой счет. Все его возможности для зарабатывания денег оказываются неудачными."
68,Десятка Пентаклей,Ten of Pentacles,"Карта характеризует гадающего как мудрого человека, который обрел покой. Длительное дело увенчалось успешным разрешением.

В семейных делах полная стабильность, отличные отношения между детьми и родителями, старшим и младшим поколением.

Наступает благоприятное время для развития в духовном плане. Есть вероятность, что проявятся умения, которые передались по наследству.","К успеху придется идти долго, окольными путями. Перевернутая карта говорит о семейных скандалах, недопонимании между домочадцами. Хорошим взаимоотношениям всегда что-то мешает.

Есть вероятность, что гадающий потеряет хорошую репутацию в обществе, собственную честь. Не исключено, что он понесет большие финансовые потери. У него отсутствует мотивация что-либо делать для того, чтобы повысить доходы, наладить гармоничные отношения в семье.

Карта говорит о том, что кто-то из членов семьи может тяжело заболеть, лечение будет дорогостоящим и долгосрочным."
69,Девятка Пентаклей,Nine of Pentacles,"Основное значение карты - завершение долгосрочной работы. Однако окончание не делает человека счастливым. Гадающий может нуждаться в совете, но не знает к кому обратиться за ним. Карта подсказывает, что совет следует просить у мудрой женщины в годах.

Аркан характеризует гадающего человека, у которого нет ни капли коммуникабельности и дружелюбия, только эгоизм, желание уединиться от внешнего мира.

Есть вероятность, что гадающий человек, скоро обнаружит в себе такие важные качества как личностный рост, богатство внутреннего мира.
Финансовые успехи вполне заслужены, деньги не падают с неба, а достаются трудным путем и самопожертвованиями.","Аркан говорит о том, что гадающий человек не получает удовлетворения от заслуженных финансовых побед.

В ближайшее время могут произойти глобальные потери: семья, друзья, дом и т.п. Есть вероятность, что возникнут проблемы с законом.

Девятка пентаклей в перевернутом положении говорит о том, что настало время пересмотреть систему собственных целей и ценностей. Возможно, потерять часть доходов или полностью их лишиться.

Следуйте зову сердца, души и подсознания. Оно укажет правильный путь, даст идею, как поступить в той или иной ситуации."
70,Восьмерка Пентаклей,Eight of Pentacles,"Восьмерка пентаклей символизирует человека, который трудится на благо других людей. Он создает ценности как материальные, так и духовные. Этот человек свободен и успешен, но только лишь в том случае, если не ищет личную выгоду.

Если гадающий находится в поиске работы, то совсем скоро он найдет работу своей мечты. Может возникнуть желание развить свои профессиональные навыки. Все новое, за что вы возьметесь, увенчается успехом.

Карта предвещает полезные знакомства, которые могут помочь в будущем. Будьте более контактны, чтобы расширить свой круг общения.","Карта говорит о напрасном труде и усилиях гадающего человека. Это вовсе не говорит о провале в деле, но нужен наставник-покровитель, который даст правильные советы.

В вашем окружении много лживых людей, мошенников и любителей темных авантюр, поэтому следует быть аккуратнее в общении с ними."
71,Семерка Пентаклей,Seven of Pentacles,"Важный критерий успеха в деле – быть терпеливым. В течение года ваш труд обязательно вознаградят достойной оплатой. Не переживайте за то, что усилия окажутся напрасными, даже если возникает подобное предчувствие – оно ложное.

Если работа выполнена, а результатов все нет, то следует подкорректировать либо сделать что-то дополнительное. Аркан свидетельствует о личностном росте в ближайший период времени, но он будет очень медленным.

Перед тем, как начать новое дело, предстоит взвесить, стоит ли этим заниматься, что с этого возможно получить. Никогда не торопитесь, это наоборот отодвинет конечный результат.","Избегайте авантюрных дел и азартных игр, ведь сейчас фортуна не на вашей стороне. Карта говорит о быстром движение в пустоту, которая не несет себе ничего полезного: ни возможностей, ни шансов, ни успеха.

Есть вероятность проблем со здоровьем, заболевание связано с инфекцией. Избегайте таких эмоций как нетерпение, нервозность и беспокойство, иначе наступит период депрессии."
72,Шестерка Пентаклей,Six of Pentacles,"В раскладе на характер гадающего, карта указывает на гордого и самовлюбленного человека, который берет на себя слишком много. Он считает себя владыкой, хотя в его руках власть не так уж и велика. Часто это просто жулик, мошенник, который пользуется чужой славой.

Трактуется шестерка пентаклей и как призыв к благотворительности. Это символ подарка, премиальной выплаты, возврата долгов. Кто-то великодушный из вашего окружения обязательно придет на помощь в трудную минуту. Аркан говорит об удачном проекте, который вы недавно начали или только начнете.

Будьте внимательны при выборе наставника, иногда этот фактор оказывается важнейшим. Беспокойтесь не только за собственное будущее, но и за день сущий. Как только получите крупную сумму денег, отложите ее на важные события.","Вы можете попасть в неудобное финансовое положение, это будет связано с рабочим процессом, бизнесом. Возможно, для какого-то важного проекта, который является очень перспективным, потребуется инвестирование, но вы его не получите. Тем самым дело не получит развития. Воздержитесь от заключения сделок, вас могут обмануть даже те, от кого вы не ожидаете мошенничества.

Карта подсказывает, что ревность и зависть, которые чувствует гадающий человек, могут плохо повлиять на здоровье, так как являются вредными и бесполезными мыслями."
73,Пятерка Пентаклей,Five of Pentacles,"Чаще всего пятерка пентаклей выступает символом беспокойства. Это может быть мотивированная тревога – деловые сложности, слишком большие нагрузки, большая ответственность, риск потерять что-либо ценное, а также беспричинные страхи – фобии, депрессию.

При этом обычно карта в таком положении выпадает людям, склонным жить ощущениями, одним днем, без четких планов и расчетов на будущее. В этом случае карта указывает на то, что причина беспокойств кроется именно в такой жизненной позиции.

В положительном аспекте карта может означать период испытаний, назначение которого – подготовить человека к новому этапу его существования, развить и укрепить его душевно. В этом смысле карта призывает встречать удары судьбы достойно, идти на сознательные самоограничения, проявить терпение и выдержку.","В перевернутом положении, карта имеет достаточно оптимистическое значение. Чаще всего появление карты в таком положении говорит о том, что в данный момент у гадающего человека в жизни «черная полоса», но она уже заканчивается.

В этом случае, появление данного аркана следует принять, как рекомендацию отнестись к проблемам философски, проявить терпение, поскольку вскоре дела начнут понемногу налаживаться сами собой.

Пятерка пентаклей говорит, что решение проблемы у гадающего уже найдено, либо оно придет к нему в ближайшее время. Это может быть и его собственное действие, и стороннее влияние."
74,Четверка Пентаклей,Four of Pentacles,"Четверка пентаклей является символом границ – правильного, полезного, допустимого, возможного. Эта карта в прямом положении указывает на такие свойства характера, как честность, практичность, деловая хватка, умение держать слово, приверженность закону и установленным нормам поведения.

Аркан рекомендует всегда тщательно обдумывать свои действия и составлять пошаговый план, прежде чем браться за реализацию какого-либо замысла. Такой подход к делам предвещает успех.

В отдельных случаях, карта намекает на получение гадающим некоего ценного (не обязательно в денежном смысле) подношения или подарка. Также эта карта может указывать на человека, которому свойственна здоровая расчетливость в финансовых вопросах.","В перевернутом положении, карта часто рассматривается как характеристика отношения человека к вопросам материального благосостояния. Эта карта указывает на то, что корень финансовых проблем гадающего кроется в неумении воздерживаться от крайностей – он или скупец, или мот и растратчик.

Аркан характеризует человека как неорганизованного, неспособного планировать свои действия и точно придерживаться плана. Именно поэтому, карта выпадает людям несвободным, слишком зависимым от общественных условностей, воли других людей, а также чрезмерно загруженным работой и различными делами.

Перевернутая карта может характеризовать консерватора в худшем смысле этого слова – принципиального противника любых изменений, врага прогресса. При этом нередко появление этой карты, обещает такому ретрограду немалые неприятности."
75,Тройка Пентаклей,Three of Pentacles,"Тройка пентаклей символизирует эволюцию, постепенный прогресс. Ее появление не обещает ошеломляющих результатов, шумных побед и таких же поражений – оно свидетельствует о том, что цель будет достигнута в результате регулярных усилий, постепенно.

Карта отрицает как мгновенный успех, так и застой, топтание на месте. Она призывает пользоваться трудолюбием, старательностью, настойчивостью и дисциплинированностью как лучшими средствами для достижения цели.

Также эта карта может символизировать общий результат большого количества усилий. Имеется в виду совместная работа и взаимопомощь.

Появление карты в гадании, можно трактовать как рекомендацию не полагаться только на себя, не отталкивать возможных помощников и покровителей, поскольку цель будет достигнута усилиями не одного человека. Аркан предостерегает от излишней самонадеянности, что может повредить взаимодействию.","В перевернутом положении карта может символизировать плохие (или посредственные) результаты деятельности, причина которых – лень и некомпетентность. С другой стороны, карта может говорить о том, что человеку в его деле не хватает подлинного мастерства, что он действует как халтурщик (есть такое историческое название – «партач»), не понимает сути дела, работает грубо.

Также тройка пентаклей может обозначать денежные затруднения. Это будет не настоящая проблема, но «мелкие суета и трепыхания», небольшие, но досадные неурядицы.

Иногда карта говорит о том, что человек не может привлечь к себе внимание, проявить себя, и что причина этого – собственная лень и недостаток умений. Зато, он способен на «мелкие пакости», зло бытового уровня."
76,Двойка Пентаклей,Two of Pentacles,"Гадающего человека ожидают хорошие перемены. Он будет жить в гармонии с собой, улучшит свое материальное благосостояние, получит разнообразие и полезный взаимообмен. Известие или какая-нибудь новость, которую он получит в ближайшее время, не оставит его в покое, взбудоражит и взволнует его в позитивном плане. Это свидетельствует о его заметной динамике вперед.

Есть и отрицательная сторона карты, когда человек хватается за несколько дел одновременно, ведь это чревато неприятными последствиями, как минимум недоделанные дела. У него будут приятные хлопоты перед встречей желательных гостей, реализуется новое дело, получит хорошую весть в виде письма или телефонного звонка.

Даже несмотря на неуверенность в себе и своих силах, некоторые беспокойства, он все же отыщет самое верное решение или позицию в той или иной проблеме. Ему даже можно рассчитывать на большие перемены в своей жизни, и они будут положительными.","Перевернутая карта характерна противоречиями, которые нарастают словно снежный ком. Если человек и будет двигаться к своей цели, то это будет один шаг вперед, и два – назад. И волнение, естественно, в отличие от прямого положения карты, имеет другой смысл.

Здесь уже не говорится о приятном волнении, человек выражает свое недовольство по поводу происходящих событий и желает все вернуть обратно, как оно было ранее. Несмотря на то, что он достигает какого-то компромисса, приспосабливается к ситуации, вот только удовлетворения и гармонии не получает, об этом просто не может быть и речи.

Если на душе у гадающего человека неспокойно, ему придется в силу обстоятельств, проявлять в себе позитивные качества, хотя бы придуманной и натянутой улыбкой. Ему это будет даваться совсем непросто. Таково стечение обстоятельств в перевернутом виде этой карты. Кроме того, он столкнется с бюрократией, и будет вынужден раздать долги."
77,Туз Пентаклей,Ace of Pentacles,"В скором времени ожидается этап процветания в жизни. Возможно, начнутся новые проекты, которые увенчаются успехом. Вследствие этого, гадающий почувствует моральное удовлетворение. Туз пентаклей – это всегда личностный рост. Есть вероятность, что вы начнете заниматься чем-то духовным либо получите повышение на работе.

Человек, делающий расклад, много вкладывал в какое-то дело, поэтому аркан предзнаменует успешное разрешение задачи, пришла пора собирать плоды собственной деятельности. Если есть в окружении богатый родственник, ждите часть наследства в скором времени.

Начальство обязательно вас похвалит и поблагодарит за отличную работу, может быть, даже дадут премию, ведь карта предзнаменует и материальные блага.

Вокруг вас сконцентрировано много возможностей, не упустите свой шанс, найдите его, и будет счастье. Туз пентаклей часто трактуется как появление нужной и важной информации, возникновение блистательной идеи. Скоро ожидаются высокие доходы, не исключена возможность прославиться.","В перевернутом положении карта подсказывает все те же моменты, как и в прямом положении, но они будут в негативном ключе. Например, богатство не сделает вас счастливым человеком. Планам не суждено сбыться.

Внутреннее спокойное состояние и отсутствие предчувствия проигрыша довольно обманчивы. На бытовом уровне возможна задержка зарплаты либо любой оплаты услуг, из-за этого многие намеченные задачи не осуществятся. Есть вероятность принятия поспешных решений, которые окажутся неверными.

Кроме материальных потерь, гадающий переосмыслит материальные ценности. В том случае, когда расклад делается на характер человека, туз пентаклей обозначает алчность, эгоцентризм. Карта предсказывает тревожные состояния, хроническую усталость, проблемы со здоровьем."